"Kod";"Nazwa";"Lokalizacje";"Rodzaje instalacji";"Rok";"Wartosc";"Jednostka miary";"Atrybut";
0201000;"Powiat bolesławiecki";"ogółem";"kanalizacja";"2021";84,7;"%";"";
0202000;"Powiat dzierżoniowski";"ogółem";"kanalizacja";"2021";72,4;"%";"";
0203000;"Powiat głogowski";"ogółem";"kanalizacja";"2021";89,1;"%";"";
0204000;"Powiat górowski";"ogółem";"kanalizacja";"2021";44,2;"%";"";
0205000;"Powiat jaworski";"ogółem";"kanalizacja";"2021";80,5;"%";"";
0206000;"Powiat karkonoski";"ogółem";"kanalizacja";"2021";64,7;"%";"";
0207000;"Powiat kamiennogórski";"ogółem";"kanalizacja";"2021";80,9;"%";"";
0208000;"Powiat kłodzki";"ogółem";"kanalizacja";"2021";65,9;"%";"";
0209000;"Powiat legnicki";"ogółem";"kanalizacja";"2021";77,1;"%";"";
0210000;"Powiat lubański";"ogółem";"kanalizacja";"2021";66,6;"%";"";
0211000;"Powiat lubiński";"ogółem";"kanalizacja";"2021";95,2;"%";"";
0212000;"Powiat lwówecki";"ogółem";"kanalizacja";"2021";58,1;"%";"";
0213000;"Powiat milicki";"ogółem";"kanalizacja";"2021";63,4;"%";"";
0214000;"Powiat oleśnicki";"ogółem";"kanalizacja";"2021";66,9;"%";"";
0215000;"Powiat oławski";"ogółem";"kanalizacja";"2021";81,7;"%";"";
0216000;"Powiat polkowicki";"ogółem";"kanalizacja";"2021";87,2;"%";"";
0217000;"Powiat strzeliński";"ogółem";"kanalizacja";"2021";50,1;"%";"";
0218000;"Powiat średzki";"ogółem";"kanalizacja";"2021";57,7;"%";"";
0219000;"Powiat świdnicki";"ogółem";"kanalizacja";"2021";76,1;"%";"";
0220000;"Powiat trzebnicki";"ogółem";"kanalizacja";"2021";50,1;"%";"";
0221000;"Powiat wałbrzyski";"ogółem";"kanalizacja";"2021";60,6;"%";"";
0222000;"Powiat wołowski";"ogółem";"kanalizacja";"2021";70,6;"%";"";
0223000;"Powiat wrocławski";"ogółem";"kanalizacja";"2021";66,6;"%";"";
0224000;"Powiat ząbkowicki";"ogółem";"kanalizacja";"2021";54,7;"%";"";
0225000;"Powiat zgorzelecki";"ogółem";"kanalizacja";"2021";71,0;"%";"";
0226000;"Powiat złotoryjski";"ogółem";"kanalizacja";"2021";69,1;"%";"";
0261000;"Powiat m.Jelenia Góra";"ogółem";"kanalizacja";"2021";89,7;"%";"";
0262000;"Powiat m.Legnica";"ogółem";"kanalizacja";"2021";93,7;"%";"";
0264000;"Powiat m.Wrocław";"ogółem";"kanalizacja";"2021";92,7;"%";"";
0265000;"Powiat m.Wałbrzych od 2013";"ogółem";"kanalizacja";"2021";82,4;"%";"";
0401000;"Powiat aleksandrowski";"ogółem";"kanalizacja";"2021";55,9;"%";"";
0402000;"Powiat brodnicki";"ogółem";"kanalizacja";"2021";63,3;"%";"";
0403000;"Powiat bydgoski";"ogółem";"kanalizacja";"2021";58,3;"%";"";
0404000;"Powiat chełmiński";"ogółem";"kanalizacja";"2021";62,1;"%";"";
0405000;"Powiat golubsko-dobrzyński";"ogółem";"kanalizacja";"2021";61,6;"%";"";
0406000;"Powiat grudziądzki";"ogółem";"kanalizacja";"2021";41,7;"%";"";
0407000;"Powiat inowrocławski";"ogółem";"kanalizacja";"2021";71,6;"%";"";
0408000;"Powiat lipnowski";"ogółem";"kanalizacja";"2021";36,4;"%";"";
0409000;"Powiat mogileński";"ogółem";"kanalizacja";"2021";58,0;"%";"";
0410000;"Powiat nakielski";"ogółem";"kanalizacja";"2021";53,3;"%";"";
0411000;"Powiat radziejowski";"ogółem";"kanalizacja";"2021";40,2;"%";"";
0412000;"Powiat rypiński";"ogółem";"kanalizacja";"2021";51,5;"%";"";
0413000;"Powiat sępoleński";"ogółem";"kanalizacja";"2021";59,9;"%";"";
0414000;"Powiat świecki";"ogółem";"kanalizacja";"2021";66,5;"%";"";
0415000;"Powiat toruński";"ogółem";"kanalizacja";"2021";60,8;"%";"";
0416000;"Powiat tucholski";"ogółem";"kanalizacja";"2021";73,3;"%";"";
0417000;"Powiat wąbrzeski";"ogółem";"kanalizacja";"2021";55,7;"%";"";
0418000;"Powiat włocławski";"ogółem";"kanalizacja";"2021";42,0;"%";"";
0419000;"Powiat żniński";"ogółem";"kanalizacja";"2021";60,0;"%";"";
0461000;"Powiat m.Bydgoszcz";"ogółem";"kanalizacja";"2021";93,2;"%";"";
0462000;"Powiat m.Grudziądz";"ogółem";"kanalizacja";"2021";92,3;"%";"";
0463000;"Powiat m.Toruń";"ogółem";"kanalizacja";"2021";91,3;"%";"";
0464000;"Powiat m.Włocławek";"ogółem";"kanalizacja";"2021";92,5;"%";"";
0601000;"Powiat bialski";"ogółem";"kanalizacja";"2021";40,3;"%";"";
0602000;"Powiat biłgorajski";"ogółem";"kanalizacja";"2021";60,7;"%";"";
0603000;"Powiat chełmski";"ogółem";"kanalizacja";"2021";27,3;"%";"";
0604000;"Powiat hrubieszowski";"ogółem";"kanalizacja";"2021";37,6;"%";"";
0605000;"Powiat janowski";"ogółem";"kanalizacja";"2021";30,6;"%";"";
0606000;"Powiat krasnostawski";"ogółem";"kanalizacja";"2021";38,8;"%";"";
0607000;"Powiat kraśnicki";"ogółem";"kanalizacja";"2021";44,9;"%";"";
0608000;"Powiat lubartowski";"ogółem";"kanalizacja";"2021";50,2;"%";"";
0609000;"Powiat lubelski";"ogółem";"kanalizacja";"2021";24,6;"%";"";
0610000;"Powiat łęczyński";"ogółem";"kanalizacja";"2021";55,5;"%";"";
0611000;"Powiat łukowski";"ogółem";"kanalizacja";"2021";42,1;"%";"";
0612000;"Powiat opolski";"ogółem";"kanalizacja";"2021";33,8;"%";"";
0613000;"Powiat parczewski";"ogółem";"kanalizacja";"2021";46,0;"%";"";
0614000;"Powiat puławski";"ogółem";"kanalizacja";"2021";63,0;"%";"";
0615000;"Powiat radzyński";"ogółem";"kanalizacja";"2021";38,6;"%";"";
0616000;"Powiat rycki";"ogółem";"kanalizacja";"2021";41,5;"%";"";
0617000;"Powiat świdnicki";"ogółem";"kanalizacja";"2021";59,0;"%";"";
0618000;"Powiat tomaszowski";"ogółem";"kanalizacja";"2021";39,4;"%";"";
0619000;"Powiat włodawski";"ogółem";"kanalizacja";"2021";56,0;"%";"";
0620000;"Powiat zamojski";"ogółem";"kanalizacja";"2021";18,4;"%";"";
0661000;"Powiat m.Biała Podlaska";"ogółem";"kanalizacja";"2021";86,4;"%";"";
0662000;"Powiat m.Chełm";"ogółem";"kanalizacja";"2021";93,4;"%";"";
0663000;"Powiat m.Lublin";"ogółem";"kanalizacja";"2021";92,0;"%";"";
0664000;"Powiat m.Zamość";"ogółem";"kanalizacja";"2021";91,4;"%";"";
0801000;"Powiat gorzowski";"ogółem";"kanalizacja";"2021";71,7;"%";"";
0802000;"Powiat krośnieński";"ogółem";"kanalizacja";"2021";61,6;"%";"";
0803000;"Powiat międzyrzecki";"ogółem";"kanalizacja";"2021";67,7;"%";"";
0804000;"Powiat nowosolski";"ogółem";"kanalizacja";"2021";74,8;"%";"";
0805000;"Powiat słubicki";"ogółem";"kanalizacja";"2021";72,2;"%";"";
0806000;"Powiat strzelecko-drezdenecki";"ogółem";"kanalizacja";"2021";55,9;"%";"";
0807000;"Powiat sulęciński";"ogółem";"kanalizacja";"2021";66,2;"%";"";
0808000;"Powiat świebodziński";"ogółem";"kanalizacja";"2021";85,2;"%";"";
0809000;"Powiat zielonogórski";"ogółem";"kanalizacja";"2021";68,0;"%";"";
0810000;"Powiat żagański";"ogółem";"kanalizacja";"2021";69,9;"%";"";
0811000;"Powiat żarski";"ogółem";"kanalizacja";"2021";61,2;"%";"";
0812000;"Powiat wschowski";"ogółem";"kanalizacja";"2021";71,0;"%";"";
0861000;"Powiat m.Gorzów Wielkopolski";"ogółem";"kanalizacja";"2021";99,9;"%";"";
0862000;"Powiat m.Zielona Góra";"ogółem";"kanalizacja";"2021";85,4;"%";"";
1001000;"Powiat bełchatowski";"ogółem";"kanalizacja";"2021";67,0;"%";"";
1002000;"Powiat kutnowski";"ogółem";"kanalizacja";"2021";59,7;"%";"";
1003000;"Powiat łaski";"ogółem";"kanalizacja";"2021";43,3;"%";"";
1004000;"Powiat łęczycki";"ogółem";"kanalizacja";"2021";36,9;"%";"";
1005000;"Powiat łowicki";"ogółem";"kanalizacja";"2021";43,3;"%";"";
1006000;"Powiat łódzki wschodni";"ogółem";"kanalizacja";"2021";41,0;"%";"";
1007000;"Powiat opoczyński";"ogółem";"kanalizacja";"2021";65,3;"%";"";
1008000;"Powiat pabianicki";"ogółem";"kanalizacja";"2021";67,7;"%";"";
1009000;"Powiat pajęczański";"ogółem";"kanalizacja";"2021";44,5;"%";"";
1010000;"Powiat piotrkowski";"ogółem";"kanalizacja";"2021";34,1;"%";"";
1011000;"Powiat poddębicki";"ogółem";"kanalizacja";"2021";32,2;"%";"";
1012000;"Powiat radomszczański";"ogółem";"kanalizacja";"2021";53,5;"%";"";
1013000;"Powiat rawski";"ogółem";"kanalizacja";"2021";40,7;"%";"";
1014000;"Powiat sieradzki";"ogółem";"kanalizacja";"2021";47,3;"%";"";
1015000;"Powiat skierniewicki";"ogółem";"kanalizacja";"2021";14,3;"%";"";
1016000;"Powiat tomaszowski";"ogółem";"kanalizacja";"2021";65,7;"%";"";
1017000;"Powiat wieluński";"ogółem";"kanalizacja";"2021";49,7;"%";"";
1018000;"Powiat wieruszowski";"ogółem";"kanalizacja";"2021";59,3;"%";"";
1019000;"Powiat zduńskowolski";"ogółem";"kanalizacja";"2021";73,9;"%";"";
1020000;"Powiat zgierski";"ogółem";"kanalizacja";"2021";64,5;"%";"";
1021000;"Powiat brzeziński";"ogółem";"kanalizacja";"2021";43,3;"%";"";
1061000;"Powiat m.Łódź";"ogółem";"kanalizacja";"2021";87,8;"%";"";
1062000;"Powiat m.Piotrków Trybunalski";"ogółem";"kanalizacja";"2021";91,0;"%";"";
1063000;"Powiat m.Skierniewice";"ogółem";"kanalizacja";"2021";89,5;"%";"";
1201000;"Powiat bocheński";"ogółem";"kanalizacja";"2021";59,1;"%";"";
1202000;"Powiat brzeski";"ogółem";"kanalizacja";"2021";41,2;"%";"";
1203000;"Powiat chrzanowski";"ogółem";"kanalizacja";"2021";66,9;"%";"";
1204000;"Powiat dąbrowski";"ogółem";"kanalizacja";"2021";43,6;"%";"";
1205000;"Powiat gorlicki";"ogółem";"kanalizacja";"2021";58,9;"%";"";
1206000;"Powiat krakowski";"ogółem";"kanalizacja";"2021";59,0;"%";"";
1207000;"Powiat limanowski";"ogółem";"kanalizacja";"2021";40,4;"%";"";
1208000;"Powiat miechowski";"ogółem";"kanalizacja";"2021";29,7;"%";"";
1209000;"Powiat myślenicki";"ogółem";"kanalizacja";"2021";60,5;"%";"";
1210000;"Powiat nowosądecki";"ogółem";"kanalizacja";"2021";49,6;"%";"";
1211000;"Powiat nowotarski";"ogółem";"kanalizacja";"2021";62,3;"%";"";
1212000;"Powiat olkuski";"ogółem";"kanalizacja";"2021";57,4;"%";"";
1213000;"Powiat oświęcimski";"ogółem";"kanalizacja";"2021";66,4;"%";"";
1214000;"Powiat proszowicki";"ogółem";"kanalizacja";"2021";36,0;"%";"";
1215000;"Powiat suski";"ogółem";"kanalizacja";"2021";42,2;"%";"";
1216000;"Powiat tarnowski";"ogółem";"kanalizacja";"2021";53,8;"%";"";
1217000;"Powiat tatrzański";"ogółem";"kanalizacja";"2021";65,5;"%";"";
1218000;"Powiat wadowicki";"ogółem";"kanalizacja";"2021";53,2;"%";"";
1219000;"Powiat wielicki";"ogółem";"kanalizacja";"2021";51,1;"%";"";
1261000;"Powiat m.Kraków";"ogółem";"kanalizacja";"2021";92,4;"%";"";
1262000;"Powiat m.Nowy Sącz";"ogółem";"kanalizacja";"2021";86,6;"%";"";
1263000;"Powiat m.Tarnów";"ogółem";"kanalizacja";"2021";88,0;"%";"";
1401000;"Powiat białobrzeski";"ogółem";"kanalizacja";"2021";30,4;"%";"";
1402000;"Powiat ciechanowski";"ogółem";"kanalizacja";"2021";58,5;"%";"";
1403000;"Powiat garwoliński";"ogółem";"kanalizacja";"2021";48,1;"%";"";
1404000;"Powiat gostyniński";"ogółem";"kanalizacja";"2021";44,2;"%";"";
1405000;"Powiat grodziski";"ogółem";"kanalizacja";"2021";63,0;"%";"";
1406000;"Powiat grójecki";"ogółem";"kanalizacja";"2021";43,7;"%";"";
1407000;"Powiat kozienicki";"ogółem";"kanalizacja";"2021";62,4;"%";"";
1408000;"Powiat legionowski";"ogółem";"kanalizacja";"2021";71,9;"%";"";
1409000;"Powiat lipski";"ogółem";"kanalizacja";"2021";25,1;"%";"";
1410000;"Powiat łosicki";"ogółem";"kanalizacja";"2021";42,9;"%";"";
1411000;"Powiat makowski";"ogółem";"kanalizacja";"2021";28,2;"%";"";
1412000;"Powiat miński";"ogółem";"kanalizacja";"2021";57,4;"%";"";
1413000;"Powiat mławski";"ogółem";"kanalizacja";"2021";48,4;"%";"";
1414000;"Powiat nowodworski";"ogółem";"kanalizacja";"2021";56,8;"%";"";
1415000;"Powiat ostrołęcki";"ogółem";"kanalizacja";"2021";30,5;"%";"";
1416000;"Powiat ostrowski";"ogółem";"kanalizacja";"2021";42,3;"%";"";
1417000;"Powiat otwocki";"ogółem";"kanalizacja";"2021";60,7;"%";"";
1418000;"Powiat piaseczyński";"ogółem";"kanalizacja";"2021";74,6;"%";"";
1419000;"Powiat płocki";"ogółem";"kanalizacja";"2021";35,0;"%";"";
1420000;"Powiat płoński";"ogółem";"kanalizacja";"2021";36,9;"%";"";
1421000;"Powiat pruszkowski";"ogółem";"kanalizacja";"2021";80,3;"%";"";
1422000;"Powiat przasnyski";"ogółem";"kanalizacja";"2021";50,6;"%";"";
1423000;"Powiat przysuski";"ogółem";"kanalizacja";"2021";39,3;"%";"";
1424000;"Powiat pułtuski";"ogółem";"kanalizacja";"2021";43,1;"%";"";
1425000;"Powiat radomski";"ogółem";"kanalizacja";"2021";40,6;"%";"";
1426000;"Powiat siedlecki";"ogółem";"kanalizacja";"2021";40,3;"%";"";
1427000;"Powiat sierpecki";"ogółem";"kanalizacja";"2021";42,9;"%";"";
1428000;"Powiat sochaczewski";"ogółem";"kanalizacja";"2021";47,1;"%";"";
1429000;"Powiat sokołowski";"ogółem";"kanalizacja";"2021";39,8;"%";"";
1430000;"Powiat szydłowiecki";"ogółem";"kanalizacja";"2021";34,5;"%";"";
1432000;"Powiat warszawski zachodni";"ogółem";"kanalizacja";"2021";69,1;"%";"";
1433000;"Powiat węgrowski";"ogółem";"kanalizacja";"2021";37,8;"%";"";
1434000;"Powiat wołomiński";"ogółem";"kanalizacja";"2021";71,2;"%";"";
1435000;"Powiat wyszkowski";"ogółem";"kanalizacja";"2021";57,8;"%";"";
1436000;"Powiat zwoleński";"ogółem";"kanalizacja";"2021";31,5;"%";"";
1437000;"Powiat żuromiński";"ogółem";"kanalizacja";"2021";33,6;"%";"";
1438000;"Powiat żyrardowski";"ogółem";"kanalizacja";"2021";62,2;"%";"";
1461000;"Powiat m.Ostrołęka";"ogółem";"kanalizacja";"2021";91,9;"%";"";
1462000;"Powiat m.Płock";"ogółem";"kanalizacja";"2021";90,6;"%";"";
1463000;"Powiat m.Radom";"ogółem";"kanalizacja";"2021";91,9;"%";"";
1464000;"Powiat m.Siedlce";"ogółem";"kanalizacja";"2021";94,2;"%";"";
1465000;"Powiat m. st. Warszawa";"ogółem";"kanalizacja";"2021";94,8;"%";"";
1601000;"Powiat brzeski";"ogółem";"kanalizacja";"2021";84,5;"%";"";
1602000;"Powiat głubczycki";"ogółem";"kanalizacja";"2021";62,2;"%";"";
1603000;"Powiat kędzierzyńsko-kozielski";"ogółem";"kanalizacja";"2021";79,5;"%";"";
1604000;"Powiat kluczborski";"ogółem";"kanalizacja";"2021";64,3;"%";"";
1605000;"Powiat krapkowicki";"ogółem";"kanalizacja";"2021";72,4;"%";"";
1606000;"Powiat namysłowski";"ogółem";"kanalizacja";"2021";63,0;"%";"";
1607000;"Powiat nyski";"ogółem";"kanalizacja";"2021";72,6;"%";"";
1608000;"Powiat oleski";"ogółem";"kanalizacja";"2021";47,2;"%";"";
1609000;"Powiat opolski";"ogółem";"kanalizacja";"2021";77,8;"%";"";
1610000;"Powiat prudnicki";"ogółem";"kanalizacja";"2021";55,7;"%";"";
1611000;"Powiat strzelecki";"ogółem";"kanalizacja";"2021";76,8;"%";"";
1661000;"Powiat m.Opole";"ogółem";"kanalizacja";"2021";95,0;"%";"";
1801000;"Powiat bieszczadzki";"ogółem";"kanalizacja";"2021";48,4;"%";"";
1802000;"Powiat brzozowski";"ogółem";"kanalizacja";"2021";60,1;"%";"";
1803000;"Powiat dębicki";"ogółem";"kanalizacja";"2021";66,9;"%";"";
1804000;"Powiat jarosławski";"ogółem";"kanalizacja";"2021";74,1;"%";"";
1805000;"Powiat jasielski";"ogółem";"kanalizacja";"2021";60,0;"%";"";
1806000;"Powiat kolbuszowski";"ogółem";"kanalizacja";"2021";62,4;"%";"";
1807000;"Powiat krośnieński";"ogółem";"kanalizacja";"2021";72,9;"%";"";
1808000;"Powiat leżajski";"ogółem";"kanalizacja";"2021";68,9;"%";"";
1809000;"Powiat lubaczowski";"ogółem";"kanalizacja";"2021";76,0;"%";"";
1810000;"Powiat łańcucki";"ogółem";"kanalizacja";"2021";83,5;"%";"";
1811000;"Powiat mielecki";"ogółem";"kanalizacja";"2021";68,2;"%";"";
1812000;"Powiat niżański";"ogółem";"kanalizacja";"2021";65,7;"%";"";
1813000;"Powiat przemyski";"ogółem";"kanalizacja";"2021";64,6;"%";"";
1814000;"Powiat przeworski";"ogółem";"kanalizacja";"2021";79,6;"%";"";
1815000;"Powiat ropczycko-sędziszowski";"ogółem";"kanalizacja";"2021";55,5;"%";"";
1816000;"Powiat rzeszowski";"ogółem";"kanalizacja";"2021";74,2;"%";"";
1817000;"Powiat sanocki";"ogółem";"kanalizacja";"2021";76,3;"%";"";
1818000;"Powiat stalowowolski";"ogółem";"kanalizacja";"2021";69,5;"%";"";
1819000;"Powiat strzyżowski";"ogółem";"kanalizacja";"2021";37,5;"%";"";
1820000;"Powiat tarnobrzeski";"ogółem";"kanalizacja";"2021";70,4;"%";"";
1821000;"Powiat leski";"ogółem";"kanalizacja";"2021";56,7;"%";"";
1861000;"Powiat m.Krosno";"ogółem";"kanalizacja";"2021";90,8;"%";"";
1862000;"Powiat m.Przemyśl";"ogółem";"kanalizacja";"2021";92,9;"%";"";
1863000;"Powiat m.Rzeszów";"ogółem";"kanalizacja";"2021";96,3;"%";"";
1864000;"Powiat m.Tarnobrzeg";"ogółem";"kanalizacja";"2021";88,5;"%";"";
2001000;"Powiat augustowski";"ogółem";"kanalizacja";"2021";58,9;"%";"";
2002000;"Powiat białostocki";"ogółem";"kanalizacja";"2021";62,6;"%";"";
2003000;"Powiat bielski";"ogółem";"kanalizacja";"2021";53,2;"%";"";
2004000;"Powiat grajewski";"ogółem";"kanalizacja";"2021";53,1;"%";"";
2005000;"Powiat hajnowski";"ogółem";"kanalizacja";"2021";63,7;"%";"";
2006000;"Powiat kolneński";"ogółem";"kanalizacja";"2021";33,0;"%";"";
2007000;"Powiat łomżyński";"ogółem";"kanalizacja";"2021";21,4;"%";"";
2008000;"Powiat moniecki";"ogółem";"kanalizacja";"2021";46,4;"%";"";
2009000;"Powiat sejneński";"ogółem";"kanalizacja";"2021";26,9;"%";"";
2010000;"Powiat siemiatycki";"ogółem";"kanalizacja";"2021";37,1;"%";"";
2011000;"Powiat sokólski";"ogółem";"kanalizacja";"2021";42,4;"%";"";
2012000;"Powiat suwalski";"ogółem";"kanalizacja";"2021";36,7;"%";"";
2013000;"Powiat wysokomazowiecki";"ogółem";"kanalizacja";"2021";32,7;"%";"";
2014000;"Powiat zambrowski";"ogółem";"kanalizacja";"2021";54,6;"%";"";
2061000;"Powiat m.Białystok";"ogółem";"kanalizacja";"2021";96,5;"%";"";
2062000;"Powiat m.Łomża";"ogółem";"kanalizacja";"2021";94,4;"%";"";
2063000;"Powiat m.Suwałki";"ogółem";"kanalizacja";"2021";95,0;"%";"";
2201000;"Powiat bytowski";"ogółem";"kanalizacja";"2021";76,6;"%";"";
2202000;"Powiat chojnicki";"ogółem";"kanalizacja";"2021";82,5;"%";"";
2203000;"Powiat człuchowski";"ogółem";"kanalizacja";"2021";80,5;"%";"";
2204000;"Powiat gdański";"ogółem";"kanalizacja";"2021";84,8;"%";"";
2205000;"Powiat kartuski";"ogółem";"kanalizacja";"2021";60,2;"%";"";
2206000;"Powiat kościerski";"ogółem";"kanalizacja";"2021";73,8;"%";"";
2207000;"Powiat kwidzyński";"ogółem";"kanalizacja";"2021";74,9;"%";"";
2208000;"Powiat lęborski";"ogółem";"kanalizacja";"2021";76,8;"%";"";
2209000;"Powiat malborski";"ogółem";"kanalizacja";"2021";78,7;"%";"";
2210000;"Powiat nowodworski";"ogółem";"kanalizacja";"2021";71,5;"%";"";
2211000;"Powiat pucki";"ogółem";"kanalizacja";"2021";89,0;"%";"";
2212000;"Powiat słupski";"ogółem";"kanalizacja";"2021";82,1;"%";"";
2213000;"Powiat starogardzki";"ogółem";"kanalizacja";"2021";66,3;"%";"";
2214000;"Powiat tczewski";"ogółem";"kanalizacja";"2021";86,2;"%";"";
2215000;"Powiat wejherowski";"ogółem";"kanalizacja";"2021";83,2;"%";"";
2216000;"Powiat sztumski";"ogółem";"kanalizacja";"2021";62,8;"%";"";
2261000;"Powiat m.Gdańsk";"ogółem";"kanalizacja";"2021";96,6;"%";"";
2262000;"Powiat m.Gdynia";"ogółem";"kanalizacja";"2021";94,9;"%";"";
2263000;"Powiat m.Słupsk";"ogółem";"kanalizacja";"2021";95,5;"%";"";
2264000;"Powiat m.Sopot";"ogółem";"kanalizacja";"2021";100,0;"%";"";
2401000;"Powiat będziński";"ogółem";"kanalizacja";"2021";68,7;"%";"";
2402000;"Powiat bielski";"ogółem";"kanalizacja";"2021";56,5;"%";"";
2403000;"Powiat cieszyński";"ogółem";"kanalizacja";"2021";62,7;"%";"";
2404000;"Powiat częstochowski";"ogółem";"kanalizacja";"2021";46,5;"%";"";
2405000;"Powiat gliwicki";"ogółem";"kanalizacja";"2021";66,7;"%";"";
2406000;"Powiat kłobucki";"ogółem";"kanalizacja";"2021";56,7;"%";"";
2407000;"Powiat lubliniecki";"ogółem";"kanalizacja";"2021";74,7;"%";"";
2408000;"Powiat mikołowski";"ogółem";"kanalizacja";"2021";73,6;"%";"";
2409000;"Powiat myszkowski";"ogółem";"kanalizacja";"2021";39,5;"%";"";
2410000;"Powiat pszczyński";"ogółem";"kanalizacja";"2021";70,9;"%";"";
2411000;"Powiat raciborski";"ogółem";"kanalizacja";"2021";59,8;"%";"";
2412000;"Powiat rybnicki";"ogółem";"kanalizacja";"2021";45,1;"%";"";
2413000;"Powiat tarnogórski";"ogółem";"kanalizacja";"2021";73,4;"%";"";
2414000;"Powiat bieruńsko-lędziński";"ogółem";"kanalizacja";"2021";92,2;"%";"";
2415000;"Powiat wodzisławski";"ogółem";"kanalizacja";"2021";70,4;"%";"";
2416000;"Powiat zawierciański";"ogółem";"kanalizacja";"2021";56,2;"%";"";
2417000;"Powiat żywiecki";"ogółem";"kanalizacja";"2021";80,6;"%";"";
2461000;"Powiat m.Bielsko-Biała";"ogółem";"kanalizacja";"2021";86,4;"%";"";
2462000;"Powiat m.Bytom";"ogółem";"kanalizacja";"2021";100,0;"%";"";
2463000;"Powiat m.Chorzów";"ogółem";"kanalizacja";"2021";79,0;"%";"";
2464000;"Powiat m.Częstochowa";"ogółem";"kanalizacja";"2021";88,4;"%";"";
2465000;"Powiat m.Dąbrowa Górnicza";"ogółem";"kanalizacja";"2021";88,9;"%";"";
2466000;"Powiat m.Gliwice";"ogółem";"kanalizacja";"2021";90,8;"%";"";
2467000;"Powiat m.Jastrzębie-Zdrój";"ogółem";"kanalizacja";"2021";87,3;"%";"";
2468000;"Powiat m.Jaworzno";"ogółem";"kanalizacja";"2021";89,3;"%";"";
2469000;"Powiat m.Katowice";"ogółem";"kanalizacja";"2021";95,6;"%";"";
2470000;"Powiat m.Mysłowice";"ogółem";"kanalizacja";"2021";84,4;"%";"";
2471000;"Powiat m.Piekary Śląskie";"ogółem";"kanalizacja";"2021";90,3;"%";"";
2472000;"Powiat m.Ruda Śląska";"ogółem";"kanalizacja";"2021";89,6;"%";"";
2473000;"Powiat m.Rybnik";"ogółem";"kanalizacja";"2021";79,7;"%";"";
2474000;"Powiat m.Siemianowice Śląskie";"ogółem";"kanalizacja";"2021";99,9;"%";"";
2475000;"Powiat m.Sosnowiec";"ogółem";"kanalizacja";"2021";91,8;"%";"";
2476000;"Powiat m.Świętochłowice";"ogółem";"kanalizacja";"2021";99,9;"%";"";
2477000;"Powiat m.Tychy";"ogółem";"kanalizacja";"2021";100,0;"%";"";
2478000;"Powiat m.Zabrze";"ogółem";"kanalizacja";"2021";92,3;"%";"";
2479000;"Powiat m.Żory";"ogółem";"kanalizacja";"2021";97,9;"%";"";
2601000;"Powiat buski";"ogółem";"kanalizacja";"2021";52,5;"%";"";
2602000;"Powiat jędrzejowski";"ogółem";"kanalizacja";"2021";37,7;"%";"";
2603000;"Powiat kazimierski";"ogółem";"kanalizacja";"2021";30,8;"%";"";
2604000;"Powiat kielecki";"ogółem";"kanalizacja";"2021";55,7;"%";"";
2605000;"Powiat konecki";"ogółem";"kanalizacja";"2021";51,0;"%";"";
2606000;"Powiat opatowski";"ogółem";"kanalizacja";"2021";35,2;"%";"";
2607000;"Powiat ostrowiecki";"ogółem";"kanalizacja";"2021";70,3;"%";"";
2608000;"Powiat pińczowski";"ogółem";"kanalizacja";"2021";52,8;"%";"";
2609000;"Powiat sandomierski";"ogółem";"kanalizacja";"2021";39,2;"%";"";
2610000;"Powiat skarżyski";"ogółem";"kanalizacja";"2021";73,2;"%";"";
2611000;"Powiat starachowicki";"ogółem";"kanalizacja";"2021";74,2;"%";"";
2612000;"Powiat staszowski";"ogółem";"kanalizacja";"2021";57,0;"%";"";
2613000;"Powiat włoszczowski";"ogółem";"kanalizacja";"2021";52,8;"%";"";
2661000;"Powiat m.Kielce";"ogółem";"kanalizacja";"2021";90,4;"%";"";
2801000;"Powiat bartoszycki";"ogółem";"kanalizacja";"2021";70,0;"%";"";
2802000;"Powiat braniewski";"ogółem";"kanalizacja";"2021";69,7;"%";"";
2803000;"Powiat działdowski";"ogółem";"kanalizacja";"2021";66,5;"%";"";
2804000;"Powiat elbląski";"ogółem";"kanalizacja";"2021";49,4;"%";"";
2805000;"Powiat ełcki";"ogółem";"kanalizacja";"2021";79,9;"%";"";
2806000;"Powiat giżycki";"ogółem";"kanalizacja";"2021";82,9;"%";"";
2807000;"Powiat iławski";"ogółem";"kanalizacja";"2021";76,9;"%";"";
2808000;"Powiat kętrzyński";"ogółem";"kanalizacja";"2021";72,3;"%";"";
2809000;"Powiat lidzbarski";"ogółem";"kanalizacja";"2021";63,8;"%";"";
2810000;"Powiat mrągowski";"ogółem";"kanalizacja";"2021";75,3;"%";"";
2811000;"Powiat nidzicki";"ogółem";"kanalizacja";"2021";62,4;"%";"";
2812000;"Powiat nowomiejski";"ogółem";"kanalizacja";"2021";49,0;"%";"";
2813000;"Powiat olecki";"ogółem";"kanalizacja";"2021";68,8;"%";"";
2814000;"Powiat olsztyński";"ogółem";"kanalizacja";"2021";67,6;"%";"";
2815000;"Powiat ostródzki";"ogółem";"kanalizacja";"2021";74,0;"%";"";
2816000;"Powiat piski";"ogółem";"kanalizacja";"2021";72,7;"%";"";
2817000;"Powiat szczycieński";"ogółem";"kanalizacja";"2021";62,5;"%";"";
2818000;"Powiat gołdapski";"ogółem";"kanalizacja";"2021";66,0;"%";"";
2819000;"Powiat węgorzewski";"ogółem";"kanalizacja";"2021";59,9;"%";"";
2861000;"Powiat m.Elbląg";"ogółem";"kanalizacja";"2021";94,6;"%";"";
2862000;"Powiat m.Olsztyn";"ogółem";"kanalizacja";"2021";100,0;"%";"";
3001000;"Powiat chodzieski";"ogółem";"kanalizacja";"2021";81,2;"%";"";
3002000;"Powiat czarnkowsko-trzcianecki";"ogółem";"kanalizacja";"2021";62,0;"%";"";
3003000;"Powiat gnieźnieński";"ogółem";"kanalizacja";"2021";76,4;"%";"";
3004000;"Powiat gostyński";"ogółem";"kanalizacja";"2021";69,1;"%";"";
3005000;"Powiat grodziski";"ogółem";"kanalizacja";"2021";56,8;"%";"";
3006000;"Powiat jarociński";"ogółem";"kanalizacja";"2021";79,9;"%";"";
3007000;"Powiat kaliski";"ogółem";"kanalizacja";"2021";36,9;"%";"";
3008000;"Powiat kępiński";"ogółem";"kanalizacja";"2021";70,4;"%";"";
3009000;"Powiat kolski";"ogółem";"kanalizacja";"2021";47,3;"%";"";
3010000;"Powiat koniński";"ogółem";"kanalizacja";"2021";42,0;"%";"";
3011000;"Powiat kościański";"ogółem";"kanalizacja";"2021";75,6;"%";"";
3012000;"Powiat krotoszyński";"ogółem";"kanalizacja";"2021";59,7;"%";"";
3013000;"Powiat leszczyński";"ogółem";"kanalizacja";"2021";63,8;"%";"";
3014000;"Powiat międzychodzki";"ogółem";"kanalizacja";"2021";66,7;"%";"";
3015000;"Powiat nowotomyski";"ogółem";"kanalizacja";"2021";63,0;"%";"";
3016000;"Powiat obornicki";"ogółem";"kanalizacja";"2021";72,6;"%";"";
3017000;"Powiat ostrowski";"ogółem";"kanalizacja";"2021";66,0;"%";"";
3018000;"Powiat ostrzeszowski";"ogółem";"kanalizacja";"2021";56,5;"%";"";
3019000;"Powiat pilski";"ogółem";"kanalizacja";"2021";83,5;"%";"";
3020000;"Powiat pleszewski";"ogółem";"kanalizacja";"2021";55,0;"%";"";
3021000;"Powiat poznański";"ogółem";"kanalizacja";"2021";80,9;"%";"";
3022000;"Powiat rawicki";"ogółem";"kanalizacja";"2021";68,0;"%";"";
3023000;"Powiat słupecki";"ogółem";"kanalizacja";"2021";55,4;"%";"";
3024000;"Powiat szamotulski";"ogółem";"kanalizacja";"2021";70,5;"%";"";
3025000;"Powiat średzki";"ogółem";"kanalizacja";"2021";73,2;"%";"";
3026000;"Powiat śremski";"ogółem";"kanalizacja";"2021";76,6;"%";"";
3027000;"Powiat turecki";"ogółem";"kanalizacja";"2021";49,2;"%";"";
3028000;"Powiat wągrowiecki";"ogółem";"kanalizacja";"2021";68,1;"%";"";
3029000;"Powiat wolsztyński";"ogółem";"kanalizacja";"2021";76,2;"%";"";
3030000;"Powiat wrzesiński";"ogółem";"kanalizacja";"2021";59,5;"%";"";
3031000;"Powiat złotowski";"ogółem";"kanalizacja";"2021";71,9;"%";"";
3061000;"Powiat m.Kalisz";"ogółem";"kanalizacja";"2021";90,2;"%";"";
3062000;"Powiat m.Konin";"ogółem";"kanalizacja";"2021";93,3;"%";"";
3063000;"Powiat m.Leszno";"ogółem";"kanalizacja";"2021";98,0;"%";"";
3064000;"Powiat m.Poznań";"ogółem";"kanalizacja";"2021";95,0;"%";"";
3201000;"Powiat białogardzki";"ogółem";"kanalizacja";"2021";84,2;"%";"";
3202000;"Powiat choszczeński";"ogółem";"kanalizacja";"2021";77,6;"%";"";
3203000;"Powiat drawski";"ogółem";"kanalizacja";"2021";74,8;"%";"";
3204000;"Powiat goleniowski";"ogółem";"kanalizacja";"2021";73,2;"%";"";
3205000;"Powiat gryficki";"ogółem";"kanalizacja";"2021";66,9;"%";"";
3206000;"Powiat gryfiński";"ogółem";"kanalizacja";"2021";68,5;"%";"";
3207000;"Powiat kamieński";"ogółem";"kanalizacja";"2021";70,7;"%";"";
3208000;"Powiat kołobrzeski";"ogółem";"kanalizacja";"2021";91,8;"%";"";
3209000;"Powiat koszaliński";"ogółem";"kanalizacja";"2021";67,7;"%";"";
3210000;"Powiat myśliborski";"ogółem";"kanalizacja";"2021";76,0;"%";"";
3211000;"Powiat policki";"ogółem";"kanalizacja";"2021";92,1;"%";"";
3212000;"Powiat pyrzycki";"ogółem";"kanalizacja";"2021";69,5;"%";"";
3213000;"Powiat sławieński";"ogółem";"kanalizacja";"2021";64,9;"%";"";
3214000;"Powiat stargardzki";"ogółem";"kanalizacja";"2021";82,1;"%";"";
3215000;"Powiat szczecinecki";"ogółem";"kanalizacja";"2021";84,9;"%";"";
3216000;"Powiat świdwiński";"ogółem";"kanalizacja";"2021";82,8;"%";"";
3217000;"Powiat wałecki";"ogółem";"kanalizacja";"2021";76,2;"%";"";
3218000;"Powiat łobeski";"ogółem";"kanalizacja";"2021";66,5;"%";"";
3261000;"Powiat m.Koszalin";"ogółem";"kanalizacja";"2021";94,6;"%";"";
3262000;"Powiat m.Szczecin";"ogółem";"kanalizacja";"2021";86,4;"%";"";
3263000;"Powiat m.Świnoujście";"ogółem";"kanalizacja";"2021";94,6;"%";"";
