"Kod";"Nazwa";"Wyszczególnienie";"Płeć i miejsce zamieszkania";"Grupy wieku";"Rok";"Wartosc";"Jednostka miary";"Atrybut";
0201000;"Powiat bolesławiecki";"odsetek dzieci objętych wychowaniem przedszkolnym";"ogółem";"dzieci w wieku 3 - 6 lat";"2021";87,3;"%";"";
0202000;"Powiat dzierżoniowski";"odsetek dzieci objętych wychowaniem przedszkolnym";"ogółem";"dzieci w wieku 3 - 6 lat";"2021";91,4;"%";"";
0203000;"Powiat głogowski";"odsetek dzieci objętych wychowaniem przedszkolnym";"ogółem";"dzieci w wieku 3 - 6 lat";"2021";91,9;"%";"";
0204000;"Powiat górowski";"odsetek dzieci objętych wychowaniem przedszkolnym";"ogółem";"dzieci w wieku 3 - 6 lat";"2021";79,8;"%";"";
0205000;"Powiat jaworski";"odsetek dzieci objętych wychowaniem przedszkolnym";"ogółem";"dzieci w wieku 3 - 6 lat";"2021";82,0;"%";"";
0206000;"Powiat karkonoski";"odsetek dzieci objętych wychowaniem przedszkolnym";"ogółem";"dzieci w wieku 3 - 6 lat";"2021";75,1;"%";"";
0207000;"Powiat kamiennogórski";"odsetek dzieci objętych wychowaniem przedszkolnym";"ogółem";"dzieci w wieku 3 - 6 lat";"2021";82,6;"%";"";
0208000;"Powiat kłodzki";"odsetek dzieci objętych wychowaniem przedszkolnym";"ogółem";"dzieci w wieku 3 - 6 lat";"2021";85,2;"%";"";
0209000;"Powiat legnicki";"odsetek dzieci objętych wychowaniem przedszkolnym";"ogółem";"dzieci w wieku 3 - 6 lat";"2021";71,9;"%";"";
0210000;"Powiat lubański";"odsetek dzieci objętych wychowaniem przedszkolnym";"ogółem";"dzieci w wieku 3 - 6 lat";"2021";84,5;"%";"";
0211000;"Powiat lubiński";"odsetek dzieci objętych wychowaniem przedszkolnym";"ogółem";"dzieci w wieku 3 - 6 lat";"2021";93,8;"%";"";
0212000;"Powiat lwówecki";"odsetek dzieci objętych wychowaniem przedszkolnym";"ogółem";"dzieci w wieku 3 - 6 lat";"2021";74,7;"%";"";
0213000;"Powiat milicki";"odsetek dzieci objętych wychowaniem przedszkolnym";"ogółem";"dzieci w wieku 3 - 6 lat";"2021";85,2;"%";"";
0214000;"Powiat oleśnicki";"odsetek dzieci objętych wychowaniem przedszkolnym";"ogółem";"dzieci w wieku 3 - 6 lat";"2021";89,7;"%";"";
0215000;"Powiat oławski";"odsetek dzieci objętych wychowaniem przedszkolnym";"ogółem";"dzieci w wieku 3 - 6 lat";"2021";89,9;"%";"";
0216000;"Powiat polkowicki";"odsetek dzieci objętych wychowaniem przedszkolnym";"ogółem";"dzieci w wieku 3 - 6 lat";"2021";88,6;"%";"";
0217000;"Powiat strzeliński";"odsetek dzieci objętych wychowaniem przedszkolnym";"ogółem";"dzieci w wieku 3 - 6 lat";"2021";86,4;"%";"";
0218000;"Powiat średzki";"odsetek dzieci objętych wychowaniem przedszkolnym";"ogółem";"dzieci w wieku 3 - 6 lat";"2021";81,3;"%";"";
0219000;"Powiat świdnicki";"odsetek dzieci objętych wychowaniem przedszkolnym";"ogółem";"dzieci w wieku 3 - 6 lat";"2021";90,5;"%";"";
0220000;"Powiat trzebnicki";"odsetek dzieci objętych wychowaniem przedszkolnym";"ogółem";"dzieci w wieku 3 - 6 lat";"2021";85,3;"%";"";
0221000;"Powiat wałbrzyski";"odsetek dzieci objętych wychowaniem przedszkolnym";"ogółem";"dzieci w wieku 3 - 6 lat";"2021";79,0;"%";"";
0222000;"Powiat wołowski";"odsetek dzieci objętych wychowaniem przedszkolnym";"ogółem";"dzieci w wieku 3 - 6 lat";"2021";86,8;"%";"";
0223000;"Powiat wrocławski";"odsetek dzieci objętych wychowaniem przedszkolnym";"ogółem";"dzieci w wieku 3 - 6 lat";"2021";82,0;"%";"";
0224000;"Powiat ząbkowicki";"odsetek dzieci objętych wychowaniem przedszkolnym";"ogółem";"dzieci w wieku 3 - 6 lat";"2021";86,8;"%";"";
0225000;"Powiat zgorzelecki";"odsetek dzieci objętych wychowaniem przedszkolnym";"ogółem";"dzieci w wieku 3 - 6 lat";"2021";91,7;"%";"";
0226000;"Powiat złotoryjski";"odsetek dzieci objętych wychowaniem przedszkolnym";"ogółem";"dzieci w wieku 3 - 6 lat";"2021";81,4;"%";"";
0261000;"Powiat m.Jelenia Góra";"odsetek dzieci objętych wychowaniem przedszkolnym";"ogółem";"dzieci w wieku 3 - 6 lat";"2021";106,9;"%";"";
0262000;"Powiat m.Legnica";"odsetek dzieci objętych wychowaniem przedszkolnym";"ogółem";"dzieci w wieku 3 - 6 lat";"2021";102,7;"%";"";
0264000;"Powiat m.Wrocław";"odsetek dzieci objętych wychowaniem przedszkolnym";"ogółem";"dzieci w wieku 3 - 6 lat";"2021";105,1;"%";"";
0265000;"Powiat m.Wałbrzych od 2013";"odsetek dzieci objętych wychowaniem przedszkolnym";"ogółem";"dzieci w wieku 3 - 6 lat";"2021";90,9;"%";"";
0401000;"Powiat aleksandrowski";"odsetek dzieci objętych wychowaniem przedszkolnym";"ogółem";"dzieci w wieku 3 - 6 lat";"2021";80,2;"%";"";
0402000;"Powiat brodnicki";"odsetek dzieci objętych wychowaniem przedszkolnym";"ogółem";"dzieci w wieku 3 - 6 lat";"2021";80,6;"%";"";
0403000;"Powiat bydgoski";"odsetek dzieci objętych wychowaniem przedszkolnym";"ogółem";"dzieci w wieku 3 - 6 lat";"2021";77,1;"%";"";
0404000;"Powiat chełmiński";"odsetek dzieci objętych wychowaniem przedszkolnym";"ogółem";"dzieci w wieku 3 - 6 lat";"2021";82,0;"%";"";
0405000;"Powiat golubsko-dobrzyński";"odsetek dzieci objętych wychowaniem przedszkolnym";"ogółem";"dzieci w wieku 3 - 6 lat";"2021";76,5;"%";"";
0406000;"Powiat grudziądzki";"odsetek dzieci objętych wychowaniem przedszkolnym";"ogółem";"dzieci w wieku 3 - 6 lat";"2021";65,8;"%";"";
0407000;"Powiat inowrocławski";"odsetek dzieci objętych wychowaniem przedszkolnym";"ogółem";"dzieci w wieku 3 - 6 lat";"2021";86,3;"%";"";
0408000;"Powiat lipnowski";"odsetek dzieci objętych wychowaniem przedszkolnym";"ogółem";"dzieci w wieku 3 - 6 lat";"2021";78,5;"%";"";
0409000;"Powiat mogileński";"odsetek dzieci objętych wychowaniem przedszkolnym";"ogółem";"dzieci w wieku 3 - 6 lat";"2021";81,5;"%";"";
0410000;"Powiat nakielski";"odsetek dzieci objętych wychowaniem przedszkolnym";"ogółem";"dzieci w wieku 3 - 6 lat";"2021";83,9;"%";"";
0411000;"Powiat radziejowski";"odsetek dzieci objętych wychowaniem przedszkolnym";"ogółem";"dzieci w wieku 3 - 6 lat";"2021";78,6;"%";"";
0412000;"Powiat rypiński";"odsetek dzieci objętych wychowaniem przedszkolnym";"ogółem";"dzieci w wieku 3 - 6 lat";"2021";80,2;"%";"";
0413000;"Powiat sępoleński";"odsetek dzieci objętych wychowaniem przedszkolnym";"ogółem";"dzieci w wieku 3 - 6 lat";"2021";75,9;"%";"";
0414000;"Powiat świecki";"odsetek dzieci objętych wychowaniem przedszkolnym";"ogółem";"dzieci w wieku 3 - 6 lat";"2021";78,5;"%";"";
0415000;"Powiat toruński";"odsetek dzieci objętych wychowaniem przedszkolnym";"ogółem";"dzieci w wieku 3 - 6 lat";"2021";70,6;"%";"";
0416000;"Powiat tucholski";"odsetek dzieci objętych wychowaniem przedszkolnym";"ogółem";"dzieci w wieku 3 - 6 lat";"2021";80,7;"%";"";
0417000;"Powiat wąbrzeski";"odsetek dzieci objętych wychowaniem przedszkolnym";"ogółem";"dzieci w wieku 3 - 6 lat";"2021";70,2;"%";"";
0418000;"Powiat włocławski";"odsetek dzieci objętych wychowaniem przedszkolnym";"ogółem";"dzieci w wieku 3 - 6 lat";"2021";72,5;"%";"";
0419000;"Powiat żniński";"odsetek dzieci objętych wychowaniem przedszkolnym";"ogółem";"dzieci w wieku 3 - 6 lat";"2021";73,8;"%";"";
0461000;"Powiat m.Bydgoszcz";"odsetek dzieci objętych wychowaniem przedszkolnym";"ogółem";"dzieci w wieku 3 - 6 lat";"2021";101,3;"%";"";
0462000;"Powiat m.Grudziądz";"odsetek dzieci objętych wychowaniem przedszkolnym";"ogółem";"dzieci w wieku 3 - 6 lat";"2021";97,5;"%";"";
0463000;"Powiat m.Toruń";"odsetek dzieci objętych wychowaniem przedszkolnym";"ogółem";"dzieci w wieku 3 - 6 lat";"2021";103,7;"%";"";
0464000;"Powiat m.Włocławek";"odsetek dzieci objętych wychowaniem przedszkolnym";"ogółem";"dzieci w wieku 3 - 6 lat";"2021";92,7;"%";"";
0601000;"Powiat bialski";"odsetek dzieci objętych wychowaniem przedszkolnym";"ogółem";"dzieci w wieku 3 - 6 lat";"2021";78,5;"%";"";
0602000;"Powiat biłgorajski";"odsetek dzieci objętych wychowaniem przedszkolnym";"ogółem";"dzieci w wieku 3 - 6 lat";"2021";87,4;"%";"";
0603000;"Powiat chełmski";"odsetek dzieci objętych wychowaniem przedszkolnym";"ogółem";"dzieci w wieku 3 - 6 lat";"2021";57,7;"%";"";
0604000;"Powiat hrubieszowski";"odsetek dzieci objętych wychowaniem przedszkolnym";"ogółem";"dzieci w wieku 3 - 6 lat";"2021";78,8;"%";"";
0605000;"Powiat janowski";"odsetek dzieci objętych wychowaniem przedszkolnym";"ogółem";"dzieci w wieku 3 - 6 lat";"2021";75,3;"%";"";
0606000;"Powiat krasnostawski";"odsetek dzieci objętych wychowaniem przedszkolnym";"ogółem";"dzieci w wieku 3 - 6 lat";"2021";80,4;"%";"";
0607000;"Powiat kraśnicki";"odsetek dzieci objętych wychowaniem przedszkolnym";"ogółem";"dzieci w wieku 3 - 6 lat";"2021";84,8;"%";"";
0608000;"Powiat lubartowski";"odsetek dzieci objętych wychowaniem przedszkolnym";"ogółem";"dzieci w wieku 3 - 6 lat";"2021";85,9;"%";"";
0609000;"Powiat lubelski";"odsetek dzieci objętych wychowaniem przedszkolnym";"ogółem";"dzieci w wieku 3 - 6 lat";"2021";77,0;"%";"";
0610000;"Powiat łęczyński";"odsetek dzieci objętych wychowaniem przedszkolnym";"ogółem";"dzieci w wieku 3 - 6 lat";"2021";90,0;"%";"";
0611000;"Powiat łukowski";"odsetek dzieci objętych wychowaniem przedszkolnym";"ogółem";"dzieci w wieku 3 - 6 lat";"2021";90,1;"%";"";
0612000;"Powiat opolski";"odsetek dzieci objętych wychowaniem przedszkolnym";"ogółem";"dzieci w wieku 3 - 6 lat";"2021";81,9;"%";"";
0613000;"Powiat parczewski";"odsetek dzieci objętych wychowaniem przedszkolnym";"ogółem";"dzieci w wieku 3 - 6 lat";"2021";85,5;"%";"";
0614000;"Powiat puławski";"odsetek dzieci objętych wychowaniem przedszkolnym";"ogółem";"dzieci w wieku 3 - 6 lat";"2021";91,0;"%";"";
0615000;"Powiat radzyński";"odsetek dzieci objętych wychowaniem przedszkolnym";"ogółem";"dzieci w wieku 3 - 6 lat";"2021";87,0;"%";"";
0616000;"Powiat rycki";"odsetek dzieci objętych wychowaniem przedszkolnym";"ogółem";"dzieci w wieku 3 - 6 lat";"2021";88,4;"%";"";
0617000;"Powiat świdnicki";"odsetek dzieci objętych wychowaniem przedszkolnym";"ogółem";"dzieci w wieku 3 - 6 lat";"2021";89,3;"%";"";
0618000;"Powiat tomaszowski";"odsetek dzieci objętych wychowaniem przedszkolnym";"ogółem";"dzieci w wieku 3 - 6 lat";"2021";81,4;"%";"";
0619000;"Powiat włodawski";"odsetek dzieci objętych wychowaniem przedszkolnym";"ogółem";"dzieci w wieku 3 - 6 lat";"2021";81,2;"%";"";
0620000;"Powiat zamojski";"odsetek dzieci objętych wychowaniem przedszkolnym";"ogółem";"dzieci w wieku 3 - 6 lat";"2021";69,7;"%";"";
0661000;"Powiat m.Biała Podlaska";"odsetek dzieci objętych wychowaniem przedszkolnym";"ogółem";"dzieci w wieku 3 - 6 lat";"2021";108,2;"%";"";
0662000;"Powiat m.Chełm";"odsetek dzieci objętych wychowaniem przedszkolnym";"ogółem";"dzieci w wieku 3 - 6 lat";"2021";120,4;"%";"";
0663000;"Powiat m.Lublin";"odsetek dzieci objętych wychowaniem przedszkolnym";"ogółem";"dzieci w wieku 3 - 6 lat";"2021";103,4;"%";"";
0664000;"Powiat m.Zamość";"odsetek dzieci objętych wychowaniem przedszkolnym";"ogółem";"dzieci w wieku 3 - 6 lat";"2021";110,0;"%";"";
0801000;"Powiat gorzowski";"odsetek dzieci objętych wychowaniem przedszkolnym";"ogółem";"dzieci w wieku 3 - 6 lat";"2021";75,6;"%";"";
0802000;"Powiat krośnieński";"odsetek dzieci objętych wychowaniem przedszkolnym";"ogółem";"dzieci w wieku 3 - 6 lat";"2021";83,9;"%";"";
0803000;"Powiat międzyrzecki";"odsetek dzieci objętych wychowaniem przedszkolnym";"ogółem";"dzieci w wieku 3 - 6 lat";"2021";88,3;"%";"";
0804000;"Powiat nowosolski";"odsetek dzieci objętych wychowaniem przedszkolnym";"ogółem";"dzieci w wieku 3 - 6 lat";"2021";86,4;"%";"";
0805000;"Powiat słubicki";"odsetek dzieci objętych wychowaniem przedszkolnym";"ogółem";"dzieci w wieku 3 - 6 lat";"2021";88,3;"%";"";
0806000;"Powiat strzelecko-drezdenecki";"odsetek dzieci objętych wychowaniem przedszkolnym";"ogółem";"dzieci w wieku 3 - 6 lat";"2021";80,7;"%";"";
0807000;"Powiat sulęciński";"odsetek dzieci objętych wychowaniem przedszkolnym";"ogółem";"dzieci w wieku 3 - 6 lat";"2021";82,8;"%";"";
0808000;"Powiat świebodziński";"odsetek dzieci objętych wychowaniem przedszkolnym";"ogółem";"dzieci w wieku 3 - 6 lat";"2021";86,0;"%";"";
0809000;"Powiat zielonogórski";"odsetek dzieci objętych wychowaniem przedszkolnym";"ogółem";"dzieci w wieku 3 - 6 lat";"2021";83,3;"%";"";
0810000;"Powiat żagański";"odsetek dzieci objętych wychowaniem przedszkolnym";"ogółem";"dzieci w wieku 3 - 6 lat";"2021";81,7;"%";"";
0811000;"Powiat żarski";"odsetek dzieci objętych wychowaniem przedszkolnym";"ogółem";"dzieci w wieku 3 - 6 lat";"2021";83,8;"%";"";
0812000;"Powiat wschowski";"odsetek dzieci objętych wychowaniem przedszkolnym";"ogółem";"dzieci w wieku 3 - 6 lat";"2021";92,3;"%";"";
0861000;"Powiat m.Gorzów Wielkopolski";"odsetek dzieci objętych wychowaniem przedszkolnym";"ogółem";"dzieci w wieku 3 - 6 lat";"2021";109,9;"%";"";
0862000;"Powiat m.Zielona Góra";"odsetek dzieci objętych wychowaniem przedszkolnym";"ogółem";"dzieci w wieku 3 - 6 lat";"2021";104,3;"%";"";
1001000;"Powiat bełchatowski";"odsetek dzieci objętych wychowaniem przedszkolnym";"ogółem";"dzieci w wieku 3 - 6 lat";"2021";91,5;"%";"";
1002000;"Powiat kutnowski";"odsetek dzieci objętych wychowaniem przedszkolnym";"ogółem";"dzieci w wieku 3 - 6 lat";"2021";85,3;"%";"";
1003000;"Powiat łaski";"odsetek dzieci objętych wychowaniem przedszkolnym";"ogółem";"dzieci w wieku 3 - 6 lat";"2021";87,7;"%";"";
1004000;"Powiat łęczycki";"odsetek dzieci objętych wychowaniem przedszkolnym";"ogółem";"dzieci w wieku 3 - 6 lat";"2021";84,4;"%";"";
1005000;"Powiat łowicki";"odsetek dzieci objętych wychowaniem przedszkolnym";"ogółem";"dzieci w wieku 3 - 6 lat";"2021";92,7;"%";"";
1006000;"Powiat łódzki wschodni";"odsetek dzieci objętych wychowaniem przedszkolnym";"ogółem";"dzieci w wieku 3 - 6 lat";"2021";92,6;"%";"";
1007000;"Powiat opoczyński";"odsetek dzieci objętych wychowaniem przedszkolnym";"ogółem";"dzieci w wieku 3 - 6 lat";"2021";83,8;"%";"";
1008000;"Powiat pabianicki";"odsetek dzieci objętych wychowaniem przedszkolnym";"ogółem";"dzieci w wieku 3 - 6 lat";"2021";91,6;"%";"";
1009000;"Powiat pajęczański";"odsetek dzieci objętych wychowaniem przedszkolnym";"ogółem";"dzieci w wieku 3 - 6 lat";"2021";85,4;"%";"";
1010000;"Powiat piotrkowski";"odsetek dzieci objętych wychowaniem przedszkolnym";"ogółem";"dzieci w wieku 3 - 6 lat";"2021";77,9;"%";"";
1011000;"Powiat poddębicki";"odsetek dzieci objętych wychowaniem przedszkolnym";"ogółem";"dzieci w wieku 3 - 6 lat";"2021";83,3;"%";"";
1012000;"Powiat radomszczański";"odsetek dzieci objętych wychowaniem przedszkolnym";"ogółem";"dzieci w wieku 3 - 6 lat";"2021";82,8;"%";"";
1013000;"Powiat rawski";"odsetek dzieci objętych wychowaniem przedszkolnym";"ogółem";"dzieci w wieku 3 - 6 lat";"2021";94,3;"%";"";
1014000;"Powiat sieradzki";"odsetek dzieci objętych wychowaniem przedszkolnym";"ogółem";"dzieci w wieku 3 - 6 lat";"2021";86,7;"%";"";
1015000;"Powiat skierniewicki";"odsetek dzieci objętych wychowaniem przedszkolnym";"ogółem";"dzieci w wieku 3 - 6 lat";"2021";77,7;"%";"";
1016000;"Powiat tomaszowski";"odsetek dzieci objętych wychowaniem przedszkolnym";"ogółem";"dzieci w wieku 3 - 6 lat";"2021";90,0;"%";"";
1017000;"Powiat wieluński";"odsetek dzieci objętych wychowaniem przedszkolnym";"ogółem";"dzieci w wieku 3 - 6 lat";"2021";90,3;"%";"";
1018000;"Powiat wieruszowski";"odsetek dzieci objętych wychowaniem przedszkolnym";"ogółem";"dzieci w wieku 3 - 6 lat";"2021";88,8;"%";"";
1019000;"Powiat zduńskowolski";"odsetek dzieci objętych wychowaniem przedszkolnym";"ogółem";"dzieci w wieku 3 - 6 lat";"2021";92,6;"%";"";
1020000;"Powiat zgierski";"odsetek dzieci objętych wychowaniem przedszkolnym";"ogółem";"dzieci w wieku 3 - 6 lat";"2021";86,7;"%";"";
1021000;"Powiat brzeziński";"odsetek dzieci objętych wychowaniem przedszkolnym";"ogółem";"dzieci w wieku 3 - 6 lat";"2021";78,4;"%";"";
1061000;"Powiat m.Łódź";"odsetek dzieci objętych wychowaniem przedszkolnym";"ogółem";"dzieci w wieku 3 - 6 lat";"2021";99,7;"%";"";
1062000;"Powiat m.Piotrków Trybunalski";"odsetek dzieci objętych wychowaniem przedszkolnym";"ogółem";"dzieci w wieku 3 - 6 lat";"2021";106,9;"%";"";
1063000;"Powiat m.Skierniewice";"odsetek dzieci objętych wychowaniem przedszkolnym";"ogółem";"dzieci w wieku 3 - 6 lat";"2021";112,0;"%";"";
1201000;"Powiat bocheński";"odsetek dzieci objętych wychowaniem przedszkolnym";"ogółem";"dzieci w wieku 3 - 6 lat";"2021";91,4;"%";"";
1202000;"Powiat brzeski";"odsetek dzieci objętych wychowaniem przedszkolnym";"ogółem";"dzieci w wieku 3 - 6 lat";"2021";85,0;"%";"";
1203000;"Powiat chrzanowski";"odsetek dzieci objętych wychowaniem przedszkolnym";"ogółem";"dzieci w wieku 3 - 6 lat";"2021";90,8;"%";"";
1204000;"Powiat dąbrowski";"odsetek dzieci objętych wychowaniem przedszkolnym";"ogółem";"dzieci w wieku 3 - 6 lat";"2021";80,3;"%";"";
1205000;"Powiat gorlicki";"odsetek dzieci objętych wychowaniem przedszkolnym";"ogółem";"dzieci w wieku 3 - 6 lat";"2021";81,6;"%";"";
1206000;"Powiat krakowski";"odsetek dzieci objętych wychowaniem przedszkolnym";"ogółem";"dzieci w wieku 3 - 6 lat";"2021";83,3;"%";"";
1207000;"Powiat limanowski";"odsetek dzieci objętych wychowaniem przedszkolnym";"ogółem";"dzieci w wieku 3 - 6 lat";"2021";83,4;"%";"";
1208000;"Powiat miechowski";"odsetek dzieci objętych wychowaniem przedszkolnym";"ogółem";"dzieci w wieku 3 - 6 lat";"2021";88,0;"%";"";
1209000;"Powiat myślenicki";"odsetek dzieci objętych wychowaniem przedszkolnym";"ogółem";"dzieci w wieku 3 - 6 lat";"2021";88,1;"%";"";
1210000;"Powiat nowosądecki";"odsetek dzieci objętych wychowaniem przedszkolnym";"ogółem";"dzieci w wieku 3 - 6 lat";"2021";75,5;"%";"";
1211000;"Powiat nowotarski";"odsetek dzieci objętych wychowaniem przedszkolnym";"ogółem";"dzieci w wieku 3 - 6 lat";"2021";85,0;"%";"";
1212000;"Powiat olkuski";"odsetek dzieci objętych wychowaniem przedszkolnym";"ogółem";"dzieci w wieku 3 - 6 lat";"2021";91,4;"%";"";
1213000;"Powiat oświęcimski";"odsetek dzieci objętych wychowaniem przedszkolnym";"ogółem";"dzieci w wieku 3 - 6 lat";"2021";92,9;"%";"";
1214000;"Powiat proszowicki";"odsetek dzieci objętych wychowaniem przedszkolnym";"ogółem";"dzieci w wieku 3 - 6 lat";"2021";88,6;"%";"";
1215000;"Powiat suski";"odsetek dzieci objętych wychowaniem przedszkolnym";"ogółem";"dzieci w wieku 3 - 6 lat";"2021";83,3;"%";"";
1216000;"Powiat tarnowski";"odsetek dzieci objętych wychowaniem przedszkolnym";"ogółem";"dzieci w wieku 3 - 6 lat";"2021";81,5;"%";"";
1217000;"Powiat tatrzański";"odsetek dzieci objętych wychowaniem przedszkolnym";"ogółem";"dzieci w wieku 3 - 6 lat";"2021";86,3;"%";"";
1218000;"Powiat wadowicki";"odsetek dzieci objętych wychowaniem przedszkolnym";"ogółem";"dzieci w wieku 3 - 6 lat";"2021";89,8;"%";"";
1219000;"Powiat wielicki";"odsetek dzieci objętych wychowaniem przedszkolnym";"ogółem";"dzieci w wieku 3 - 6 lat";"2021";90,0;"%";"";
1261000;"Powiat m.Kraków";"odsetek dzieci objętych wychowaniem przedszkolnym";"ogółem";"dzieci w wieku 3 - 6 lat";"2021";104,6;"%";"";
1262000;"Powiat m.Nowy Sącz";"odsetek dzieci objętych wychowaniem przedszkolnym";"ogółem";"dzieci w wieku 3 - 6 lat";"2021";114,8;"%";"";
1263000;"Powiat m.Tarnów";"odsetek dzieci objętych wychowaniem przedszkolnym";"ogółem";"dzieci w wieku 3 - 6 lat";"2021";108,3;"%";"";
1401000;"Powiat białobrzeski";"odsetek dzieci objętych wychowaniem przedszkolnym";"ogółem";"dzieci w wieku 3 - 6 lat";"2021";84,8;"%";"";
1402000;"Powiat ciechanowski";"odsetek dzieci objętych wychowaniem przedszkolnym";"ogółem";"dzieci w wieku 3 - 6 lat";"2021";88,2;"%";"";
1403000;"Powiat garwoliński";"odsetek dzieci objętych wychowaniem przedszkolnym";"ogółem";"dzieci w wieku 3 - 6 lat";"2021";91,6;"%";"";
1404000;"Powiat gostyniński";"odsetek dzieci objętych wychowaniem przedszkolnym";"ogółem";"dzieci w wieku 3 - 6 lat";"2021";77,3;"%";"";
1405000;"Powiat grodziski";"odsetek dzieci objętych wychowaniem przedszkolnym";"ogółem";"dzieci w wieku 3 - 6 lat";"2021";96,0;"%";"";
1406000;"Powiat grójecki";"odsetek dzieci objętych wychowaniem przedszkolnym";"ogółem";"dzieci w wieku 3 - 6 lat";"2021";92,6;"%";"";
1407000;"Powiat kozienicki";"odsetek dzieci objętych wychowaniem przedszkolnym";"ogółem";"dzieci w wieku 3 - 6 lat";"2021";85,9;"%";"";
1408000;"Powiat legionowski";"odsetek dzieci objętych wychowaniem przedszkolnym";"ogółem";"dzieci w wieku 3 - 6 lat";"2021";91,1;"%";"";
1409000;"Powiat lipski";"odsetek dzieci objętych wychowaniem przedszkolnym";"ogółem";"dzieci w wieku 3 - 6 lat";"2021";72,5;"%";"";
1410000;"Powiat łosicki";"odsetek dzieci objętych wychowaniem przedszkolnym";"ogółem";"dzieci w wieku 3 - 6 lat";"2021";90,3;"%";"";
1411000;"Powiat makowski";"odsetek dzieci objętych wychowaniem przedszkolnym";"ogółem";"dzieci w wieku 3 - 6 lat";"2021";83,8;"%";"";
1412000;"Powiat miński";"odsetek dzieci objętych wychowaniem przedszkolnym";"ogółem";"dzieci w wieku 3 - 6 lat";"2021";93,5;"%";"";
1413000;"Powiat mławski";"odsetek dzieci objętych wychowaniem przedszkolnym";"ogółem";"dzieci w wieku 3 - 6 lat";"2021";82,9;"%";"";
1414000;"Powiat nowodworski";"odsetek dzieci objętych wychowaniem przedszkolnym";"ogółem";"dzieci w wieku 3 - 6 lat";"2021";95,4;"%";"";
1415000;"Powiat ostrołęcki";"odsetek dzieci objętych wychowaniem przedszkolnym";"ogółem";"dzieci w wieku 3 - 6 lat";"2021";70,1;"%";"";
1416000;"Powiat ostrowski";"odsetek dzieci objętych wychowaniem przedszkolnym";"ogółem";"dzieci w wieku 3 - 6 lat";"2021";82,8;"%";"";
1417000;"Powiat otwocki";"odsetek dzieci objętych wychowaniem przedszkolnym";"ogółem";"dzieci w wieku 3 - 6 lat";"2021";97,6;"%";"";
1418000;"Powiat piaseczyński";"odsetek dzieci objętych wychowaniem przedszkolnym";"ogółem";"dzieci w wieku 3 - 6 lat";"2021";96,7;"%";"";
1419000;"Powiat płocki";"odsetek dzieci objętych wychowaniem przedszkolnym";"ogółem";"dzieci w wieku 3 - 6 lat";"2021";72,4;"%";"";
1420000;"Powiat płoński";"odsetek dzieci objętych wychowaniem przedszkolnym";"ogółem";"dzieci w wieku 3 - 6 lat";"2021";83,2;"%";"";
1421000;"Powiat pruszkowski";"odsetek dzieci objętych wychowaniem przedszkolnym";"ogółem";"dzieci w wieku 3 - 6 lat";"2021";95,6;"%";"";
1422000;"Powiat przasnyski";"odsetek dzieci objętych wychowaniem przedszkolnym";"ogółem";"dzieci w wieku 3 - 6 lat";"2021";83,9;"%";"";
1423000;"Powiat przysuski";"odsetek dzieci objętych wychowaniem przedszkolnym";"ogółem";"dzieci w wieku 3 - 6 lat";"2021";80,1;"%";"";
1424000;"Powiat pułtuski";"odsetek dzieci objętych wychowaniem przedszkolnym";"ogółem";"dzieci w wieku 3 - 6 lat";"2021";84,2;"%";"";
1425000;"Powiat radomski";"odsetek dzieci objętych wychowaniem przedszkolnym";"ogółem";"dzieci w wieku 3 - 6 lat";"2021";74,7;"%";"";
1426000;"Powiat siedlecki";"odsetek dzieci objętych wychowaniem przedszkolnym";"ogółem";"dzieci w wieku 3 - 6 lat";"2021";78,6;"%";"";
1427000;"Powiat sierpecki";"odsetek dzieci objętych wychowaniem przedszkolnym";"ogółem";"dzieci w wieku 3 - 6 lat";"2021";76,0;"%";"";
1428000;"Powiat sochaczewski";"odsetek dzieci objętych wychowaniem przedszkolnym";"ogółem";"dzieci w wieku 3 - 6 lat";"2021";89,6;"%";"";
1429000;"Powiat sokołowski";"odsetek dzieci objętych wychowaniem przedszkolnym";"ogółem";"dzieci w wieku 3 - 6 lat";"2021";90,3;"%";"";
1430000;"Powiat szydłowiecki";"odsetek dzieci objętych wychowaniem przedszkolnym";"ogółem";"dzieci w wieku 3 - 6 lat";"2021";83,3;"%";"";
1432000;"Powiat warszawski zachodni";"odsetek dzieci objętych wychowaniem przedszkolnym";"ogółem";"dzieci w wieku 3 - 6 lat";"2021";89,7;"%";"";
1433000;"Powiat węgrowski";"odsetek dzieci objętych wychowaniem przedszkolnym";"ogółem";"dzieci w wieku 3 - 6 lat";"2021";88,3;"%";"";
1434000;"Powiat wołomiński";"odsetek dzieci objętych wychowaniem przedszkolnym";"ogółem";"dzieci w wieku 3 - 6 lat";"2021";94,2;"%";"";
1435000;"Powiat wyszkowski";"odsetek dzieci objętych wychowaniem przedszkolnym";"ogółem";"dzieci w wieku 3 - 6 lat";"2021";86,1;"%";"";
1436000;"Powiat zwoleński";"odsetek dzieci objętych wychowaniem przedszkolnym";"ogółem";"dzieci w wieku 3 - 6 lat";"2021";80,9;"%";"";
1437000;"Powiat żuromiński";"odsetek dzieci objętych wychowaniem przedszkolnym";"ogółem";"dzieci w wieku 3 - 6 lat";"2021";80,2;"%";"";
1438000;"Powiat żyrardowski";"odsetek dzieci objętych wychowaniem przedszkolnym";"ogółem";"dzieci w wieku 3 - 6 lat";"2021";90,6;"%";"";
1461000;"Powiat m.Ostrołęka";"odsetek dzieci objętych wychowaniem przedszkolnym";"ogółem";"dzieci w wieku 3 - 6 lat";"2021";117,1;"%";"";
1462000;"Powiat m.Płock";"odsetek dzieci objętych wychowaniem przedszkolnym";"ogółem";"dzieci w wieku 3 - 6 lat";"2021";109,9;"%";"";
1463000;"Powiat m.Radom";"odsetek dzieci objętych wychowaniem przedszkolnym";"ogółem";"dzieci w wieku 3 - 6 lat";"2021";100,7;"%";"";
1464000;"Powiat m.Siedlce";"odsetek dzieci objętych wychowaniem przedszkolnym";"ogółem";"dzieci w wieku 3 - 6 lat";"2021";110,2;"%";"";
1465000;"Powiat m. st. Warszawa";"odsetek dzieci objętych wychowaniem przedszkolnym";"ogółem";"dzieci w wieku 3 - 6 lat";"2021";101,8;"%";"";
1601000;"Powiat brzeski";"odsetek dzieci objętych wychowaniem przedszkolnym";"ogółem";"dzieci w wieku 3 - 6 lat";"2021";89,1;"%";"";
1602000;"Powiat głubczycki";"odsetek dzieci objętych wychowaniem przedszkolnym";"ogółem";"dzieci w wieku 3 - 6 lat";"2021";89,3;"%";"";
1603000;"Powiat kędzierzyńsko-kozielski";"odsetek dzieci objętych wychowaniem przedszkolnym";"ogółem";"dzieci w wieku 3 - 6 lat";"2021";94,0;"%";"";
1604000;"Powiat kluczborski";"odsetek dzieci objętych wychowaniem przedszkolnym";"ogółem";"dzieci w wieku 3 - 6 lat";"2021";91,3;"%";"";
1605000;"Powiat krapkowicki";"odsetek dzieci objętych wychowaniem przedszkolnym";"ogółem";"dzieci w wieku 3 - 6 lat";"2021";93,9;"%";"";
1606000;"Powiat namysłowski";"odsetek dzieci objętych wychowaniem przedszkolnym";"ogółem";"dzieci w wieku 3 - 6 lat";"2021";89,0;"%";"";
1607000;"Powiat nyski";"odsetek dzieci objętych wychowaniem przedszkolnym";"ogółem";"dzieci w wieku 3 - 6 lat";"2021";88,4;"%";"";
1608000;"Powiat oleski";"odsetek dzieci objętych wychowaniem przedszkolnym";"ogółem";"dzieci w wieku 3 - 6 lat";"2021";91,2;"%";"";
1609000;"Powiat opolski";"odsetek dzieci objętych wychowaniem przedszkolnym";"ogółem";"dzieci w wieku 3 - 6 lat";"2021";87,7;"%";"";
1610000;"Powiat prudnicki";"odsetek dzieci objętych wychowaniem przedszkolnym";"ogółem";"dzieci w wieku 3 - 6 lat";"2021";89,6;"%";"";
1611000;"Powiat strzelecki";"odsetek dzieci objętych wychowaniem przedszkolnym";"ogółem";"dzieci w wieku 3 - 6 lat";"2021";89,7;"%";"";
1661000;"Powiat m.Opole";"odsetek dzieci objętych wychowaniem przedszkolnym";"ogółem";"dzieci w wieku 3 - 6 lat";"2021";104,4;"%";"";
1801000;"Powiat bieszczadzki";"odsetek dzieci objętych wychowaniem przedszkolnym";"ogółem";"dzieci w wieku 3 - 6 lat";"2021";81,8;"%";"";
1802000;"Powiat brzozowski";"odsetek dzieci objętych wychowaniem przedszkolnym";"ogółem";"dzieci w wieku 3 - 6 lat";"2021";82,0;"%";"";
1803000;"Powiat dębicki";"odsetek dzieci objętych wychowaniem przedszkolnym";"ogółem";"dzieci w wieku 3 - 6 lat";"2021";84,1;"%";"";
1804000;"Powiat jarosławski";"odsetek dzieci objętych wychowaniem przedszkolnym";"ogółem";"dzieci w wieku 3 - 6 lat";"2021";85,9;"%";"";
1805000;"Powiat jasielski";"odsetek dzieci objętych wychowaniem przedszkolnym";"ogółem";"dzieci w wieku 3 - 6 lat";"2021";82,0;"%";"";
1806000;"Powiat kolbuszowski";"odsetek dzieci objętych wychowaniem przedszkolnym";"ogółem";"dzieci w wieku 3 - 6 lat";"2021";80,9;"%";"";
1807000;"Powiat krośnieński";"odsetek dzieci objętych wychowaniem przedszkolnym";"ogółem";"dzieci w wieku 3 - 6 lat";"2021";80,0;"%";"";
1808000;"Powiat leżajski";"odsetek dzieci objętych wychowaniem przedszkolnym";"ogółem";"dzieci w wieku 3 - 6 lat";"2021";85,8;"%";"";
1809000;"Powiat lubaczowski";"odsetek dzieci objętych wychowaniem przedszkolnym";"ogółem";"dzieci w wieku 3 - 6 lat";"2021";81,8;"%";"";
1810000;"Powiat łańcucki";"odsetek dzieci objętych wychowaniem przedszkolnym";"ogółem";"dzieci w wieku 3 - 6 lat";"2021";90,5;"%";"";
1811000;"Powiat mielecki";"odsetek dzieci objętych wychowaniem przedszkolnym";"ogółem";"dzieci w wieku 3 - 6 lat";"2021";90,2;"%";"";
1812000;"Powiat niżański";"odsetek dzieci objętych wychowaniem przedszkolnym";"ogółem";"dzieci w wieku 3 - 6 lat";"2021";80,4;"%";"";
1813000;"Powiat przemyski";"odsetek dzieci objętych wychowaniem przedszkolnym";"ogółem";"dzieci w wieku 3 - 6 lat";"2021";72,4;"%";"";
1814000;"Powiat przeworski";"odsetek dzieci objętych wychowaniem przedszkolnym";"ogółem";"dzieci w wieku 3 - 6 lat";"2021";88,4;"%";"";
1815000;"Powiat ropczycko-sędziszowski";"odsetek dzieci objętych wychowaniem przedszkolnym";"ogółem";"dzieci w wieku 3 - 6 lat";"2021";84,2;"%";"";
1816000;"Powiat rzeszowski";"odsetek dzieci objętych wychowaniem przedszkolnym";"ogółem";"dzieci w wieku 3 - 6 lat";"2021";84,0;"%";"";
1817000;"Powiat sanocki";"odsetek dzieci objętych wychowaniem przedszkolnym";"ogółem";"dzieci w wieku 3 - 6 lat";"2021";84,6;"%";"";
1818000;"Powiat stalowowolski";"odsetek dzieci objętych wychowaniem przedszkolnym";"ogółem";"dzieci w wieku 3 - 6 lat";"2021";88,6;"%";"";
1819000;"Powiat strzyżowski";"odsetek dzieci objętych wychowaniem przedszkolnym";"ogółem";"dzieci w wieku 3 - 6 lat";"2021";82,3;"%";"";
1820000;"Powiat tarnobrzeski";"odsetek dzieci objętych wychowaniem przedszkolnym";"ogółem";"dzieci w wieku 3 - 6 lat";"2021";82,0;"%";"";
1821000;"Powiat leski";"odsetek dzieci objętych wychowaniem przedszkolnym";"ogółem";"dzieci w wieku 3 - 6 lat";"2021";84,6;"%";"";
1861000;"Powiat m.Krosno";"odsetek dzieci objętych wychowaniem przedszkolnym";"ogółem";"dzieci w wieku 3 - 6 lat";"2021";108,9;"%";"";
1862000;"Powiat m.Przemyśl";"odsetek dzieci objętych wychowaniem przedszkolnym";"ogółem";"dzieci w wieku 3 - 6 lat";"2021";105,7;"%";"";
1863000;"Powiat m.Rzeszów";"odsetek dzieci objętych wychowaniem przedszkolnym";"ogółem";"dzieci w wieku 3 - 6 lat";"2021";106,4;"%";"";
1864000;"Powiat m.Tarnobrzeg";"odsetek dzieci objętych wychowaniem przedszkolnym";"ogółem";"dzieci w wieku 3 - 6 lat";"2021";105,2;"%";"";
2001000;"Powiat augustowski";"odsetek dzieci objętych wychowaniem przedszkolnym";"ogółem";"dzieci w wieku 3 - 6 lat";"2021";87,7;"%";"";
2002000;"Powiat białostocki";"odsetek dzieci objętych wychowaniem przedszkolnym";"ogółem";"dzieci w wieku 3 - 6 lat";"2021";68,2;"%";"";
2003000;"Powiat bielski";"odsetek dzieci objętych wychowaniem przedszkolnym";"ogółem";"dzieci w wieku 3 - 6 lat";"2021";89,2;"%";"";
2004000;"Powiat grajewski";"odsetek dzieci objętych wychowaniem przedszkolnym";"ogółem";"dzieci w wieku 3 - 6 lat";"2021";77,7;"%";"";
2005000;"Powiat hajnowski";"odsetek dzieci objętych wychowaniem przedszkolnym";"ogółem";"dzieci w wieku 3 - 6 lat";"2021";82,9;"%";"";
2006000;"Powiat kolneński";"odsetek dzieci objętych wychowaniem przedszkolnym";"ogółem";"dzieci w wieku 3 - 6 lat";"2021";73,3;"%";"";
2007000;"Powiat łomżyński";"odsetek dzieci objętych wychowaniem przedszkolnym";"ogółem";"dzieci w wieku 3 - 6 lat";"2021";69,0;"%";"";
2008000;"Powiat moniecki";"odsetek dzieci objętych wychowaniem przedszkolnym";"ogółem";"dzieci w wieku 3 - 6 lat";"2021";77,2;"%";"";
2009000;"Powiat sejneński";"odsetek dzieci objętych wychowaniem przedszkolnym";"ogółem";"dzieci w wieku 3 - 6 lat";"2021";75,1;"%";"";
2010000;"Powiat siemiatycki";"odsetek dzieci objętych wychowaniem przedszkolnym";"ogółem";"dzieci w wieku 3 - 6 lat";"2021";83,1;"%";"";
2011000;"Powiat sokólski";"odsetek dzieci objętych wychowaniem przedszkolnym";"ogółem";"dzieci w wieku 3 - 6 lat";"2021";78,1;"%";"";
2012000;"Powiat suwalski";"odsetek dzieci objętych wychowaniem przedszkolnym";"ogółem";"dzieci w wieku 3 - 6 lat";"2021";64,1;"%";"";
2013000;"Powiat wysokomazowiecki";"odsetek dzieci objętych wychowaniem przedszkolnym";"ogółem";"dzieci w wieku 3 - 6 lat";"2021";86,5;"%";"";
2014000;"Powiat zambrowski";"odsetek dzieci objętych wychowaniem przedszkolnym";"ogółem";"dzieci w wieku 3 - 6 lat";"2021";84,1;"%";"";
2061000;"Powiat m.Białystok";"odsetek dzieci objętych wychowaniem przedszkolnym";"ogółem";"dzieci w wieku 3 - 6 lat";"2021";111,6;"%";"";
2062000;"Powiat m.Łomża";"odsetek dzieci objętych wychowaniem przedszkolnym";"ogółem";"dzieci w wieku 3 - 6 lat";"2021";106,4;"%";"";
2063000;"Powiat m.Suwałki";"odsetek dzieci objętych wychowaniem przedszkolnym";"ogółem";"dzieci w wieku 3 - 6 lat";"2021";99,7;"%";"";
2201000;"Powiat bytowski";"odsetek dzieci objętych wychowaniem przedszkolnym";"ogółem";"dzieci w wieku 3 - 6 lat";"2021";85,0;"%";"";
2202000;"Powiat chojnicki";"odsetek dzieci objętych wychowaniem przedszkolnym";"ogółem";"dzieci w wieku 3 - 6 lat";"2021";82,8;"%";"";
2203000;"Powiat człuchowski";"odsetek dzieci objętych wychowaniem przedszkolnym";"ogółem";"dzieci w wieku 3 - 6 lat";"2021";75,2;"%";"";
2204000;"Powiat gdański";"odsetek dzieci objętych wychowaniem przedszkolnym";"ogółem";"dzieci w wieku 3 - 6 lat";"2021";90,8;"%";"";
2205000;"Powiat kartuski";"odsetek dzieci objętych wychowaniem przedszkolnym";"ogółem";"dzieci w wieku 3 - 6 lat";"2021";83,8;"%";"";
2206000;"Powiat kościerski";"odsetek dzieci objętych wychowaniem przedszkolnym";"ogółem";"dzieci w wieku 3 - 6 lat";"2021";85,7;"%";"";
2207000;"Powiat kwidzyński";"odsetek dzieci objętych wychowaniem przedszkolnym";"ogółem";"dzieci w wieku 3 - 6 lat";"2021";83,5;"%";"";
2208000;"Powiat lęborski";"odsetek dzieci objętych wychowaniem przedszkolnym";"ogółem";"dzieci w wieku 3 - 6 lat";"2021";87,5;"%";"";
2209000;"Powiat malborski";"odsetek dzieci objętych wychowaniem przedszkolnym";"ogółem";"dzieci w wieku 3 - 6 lat";"2021";86,2;"%";"";
2210000;"Powiat nowodworski";"odsetek dzieci objętych wychowaniem przedszkolnym";"ogółem";"dzieci w wieku 3 - 6 lat";"2021";83,7;"%";"";
2211000;"Powiat pucki";"odsetek dzieci objętych wychowaniem przedszkolnym";"ogółem";"dzieci w wieku 3 - 6 lat";"2021";79,3;"%";"";
2212000;"Powiat słupski";"odsetek dzieci objętych wychowaniem przedszkolnym";"ogółem";"dzieci w wieku 3 - 6 lat";"2021";73,1;"%";"";
2213000;"Powiat starogardzki";"odsetek dzieci objętych wychowaniem przedszkolnym";"ogółem";"dzieci w wieku 3 - 6 lat";"2021";80,4;"%";"";
2214000;"Powiat tczewski";"odsetek dzieci objętych wychowaniem przedszkolnym";"ogółem";"dzieci w wieku 3 - 6 lat";"2021";82,5;"%";"";
2215000;"Powiat wejherowski";"odsetek dzieci objętych wychowaniem przedszkolnym";"ogółem";"dzieci w wieku 3 - 6 lat";"2021";84,5;"%";"";
2216000;"Powiat sztumski";"odsetek dzieci objętych wychowaniem przedszkolnym";"ogółem";"dzieci w wieku 3 - 6 lat";"2021";69,7;"%";"";
2261000;"Powiat m.Gdańsk";"odsetek dzieci objętych wychowaniem przedszkolnym";"ogółem";"dzieci w wieku 3 - 6 lat";"2021";99,5;"%";"";
2262000;"Powiat m.Gdynia";"odsetek dzieci objętych wychowaniem przedszkolnym";"ogółem";"dzieci w wieku 3 - 6 lat";"2021";96,5;"%";"";
2263000;"Powiat m.Słupsk";"odsetek dzieci objętych wychowaniem przedszkolnym";"ogółem";"dzieci w wieku 3 - 6 lat";"2021";111,8;"%";"";
2264000;"Powiat m.Sopot";"odsetek dzieci objętych wychowaniem przedszkolnym";"ogółem";"dzieci w wieku 3 - 6 lat";"2021";96,9;"%";"";
2401000;"Powiat będziński";"odsetek dzieci objętych wychowaniem przedszkolnym";"ogółem";"dzieci w wieku 3 - 6 lat";"2021";89,8;"%";"";
2402000;"Powiat bielski";"odsetek dzieci objętych wychowaniem przedszkolnym";"ogółem";"dzieci w wieku 3 - 6 lat";"2021";87,3;"%";"";
2403000;"Powiat cieszyński";"odsetek dzieci objętych wychowaniem przedszkolnym";"ogółem";"dzieci w wieku 3 - 6 lat";"2021";90,1;"%";"";
2404000;"Powiat częstochowski";"odsetek dzieci objętych wychowaniem przedszkolnym";"ogółem";"dzieci w wieku 3 - 6 lat";"2021";86,4;"%";"";
2405000;"Powiat gliwicki";"odsetek dzieci objętych wychowaniem przedszkolnym";"ogółem";"dzieci w wieku 3 - 6 lat";"2021";91,2;"%";"";
2406000;"Powiat kłobucki";"odsetek dzieci objętych wychowaniem przedszkolnym";"ogółem";"dzieci w wieku 3 - 6 lat";"2021";88,3;"%";"";
2407000;"Powiat lubliniecki";"odsetek dzieci objętych wychowaniem przedszkolnym";"ogółem";"dzieci w wieku 3 - 6 lat";"2021";90,7;"%";"";
2408000;"Powiat mikołowski";"odsetek dzieci objętych wychowaniem przedszkolnym";"ogółem";"dzieci w wieku 3 - 6 lat";"2021";89,2;"%";"";
2409000;"Powiat myszkowski";"odsetek dzieci objętych wychowaniem przedszkolnym";"ogółem";"dzieci w wieku 3 - 6 lat";"2021";87,2;"%";"";
2410000;"Powiat pszczyński";"odsetek dzieci objętych wychowaniem przedszkolnym";"ogółem";"dzieci w wieku 3 - 6 lat";"2021";92,9;"%";"";
2411000;"Powiat raciborski";"odsetek dzieci objętych wychowaniem przedszkolnym";"ogółem";"dzieci w wieku 3 - 6 lat";"2021";93,9;"%";"";
2412000;"Powiat rybnicki";"odsetek dzieci objętych wychowaniem przedszkolnym";"ogółem";"dzieci w wieku 3 - 6 lat";"2021";81,1;"%";"";
2413000;"Powiat tarnogórski";"odsetek dzieci objętych wychowaniem przedszkolnym";"ogółem";"dzieci w wieku 3 - 6 lat";"2021";91,6;"%";"";
2414000;"Powiat bieruńsko-lędziński";"odsetek dzieci objętych wychowaniem przedszkolnym";"ogółem";"dzieci w wieku 3 - 6 lat";"2021";87,5;"%";"";
2415000;"Powiat wodzisławski";"odsetek dzieci objętych wychowaniem przedszkolnym";"ogółem";"dzieci w wieku 3 - 6 lat";"2021";84,9;"%";"";
2416000;"Powiat zawierciański";"odsetek dzieci objętych wychowaniem przedszkolnym";"ogółem";"dzieci w wieku 3 - 6 lat";"2021";91,0;"%";"";
2417000;"Powiat żywiecki";"odsetek dzieci objętych wychowaniem przedszkolnym";"ogółem";"dzieci w wieku 3 - 6 lat";"2021";88,7;"%";"";
2461000;"Powiat m.Bielsko-Biała";"odsetek dzieci objętych wychowaniem przedszkolnym";"ogółem";"dzieci w wieku 3 - 6 lat";"2021";105,0;"%";"";
2462000;"Powiat m.Bytom";"odsetek dzieci objętych wychowaniem przedszkolnym";"ogółem";"dzieci w wieku 3 - 6 lat";"2021";91,0;"%";"";
2463000;"Powiat m.Chorzów";"odsetek dzieci objętych wychowaniem przedszkolnym";"ogółem";"dzieci w wieku 3 - 6 lat";"2021";91,0;"%";"";
2464000;"Powiat m.Częstochowa";"odsetek dzieci objętych wychowaniem przedszkolnym";"ogółem";"dzieci w wieku 3 - 6 lat";"2021";99,1;"%";"";
2465000;"Powiat m.Dąbrowa Górnicza";"odsetek dzieci objętych wychowaniem przedszkolnym";"ogółem";"dzieci w wieku 3 - 6 lat";"2021";94,0;"%";"";
2466000;"Powiat m.Gliwice";"odsetek dzieci objętych wychowaniem przedszkolnym";"ogółem";"dzieci w wieku 3 - 6 lat";"2021";96,3;"%";"";
2467000;"Powiat m.Jastrzębie-Zdrój";"odsetek dzieci objętych wychowaniem przedszkolnym";"ogółem";"dzieci w wieku 3 - 6 lat";"2021";94,9;"%";"";
2468000;"Powiat m.Jaworzno";"odsetek dzieci objętych wychowaniem przedszkolnym";"ogółem";"dzieci w wieku 3 - 6 lat";"2021";92,8;"%";"";
2469000;"Powiat m.Katowice";"odsetek dzieci objętych wychowaniem przedszkolnym";"ogółem";"dzieci w wieku 3 - 6 lat";"2021";105,3;"%";"";
2470000;"Powiat m.Mysłowice";"odsetek dzieci objętych wychowaniem przedszkolnym";"ogółem";"dzieci w wieku 3 - 6 lat";"2021";91,0;"%";"";
2471000;"Powiat m.Piekary Śląskie";"odsetek dzieci objętych wychowaniem przedszkolnym";"ogółem";"dzieci w wieku 3 - 6 lat";"2021";89,2;"%";"";
2472000;"Powiat m.Ruda Śląska";"odsetek dzieci objętych wychowaniem przedszkolnym";"ogółem";"dzieci w wieku 3 - 6 lat";"2021";88,7;"%";"";
2473000;"Powiat m.Rybnik";"odsetek dzieci objętych wychowaniem przedszkolnym";"ogółem";"dzieci w wieku 3 - 6 lat";"2021";92,7;"%";"";
2474000;"Powiat m.Siemianowice Śląskie";"odsetek dzieci objętych wychowaniem przedszkolnym";"ogółem";"dzieci w wieku 3 - 6 lat";"2021";90,4;"%";"";
2475000;"Powiat m.Sosnowiec";"odsetek dzieci objętych wychowaniem przedszkolnym";"ogółem";"dzieci w wieku 3 - 6 lat";"2021";97,9;"%";"";
2476000;"Powiat m.Świętochłowice";"odsetek dzieci objętych wychowaniem przedszkolnym";"ogółem";"dzieci w wieku 3 - 6 lat";"2021";81,8;"%";"";
2477000;"Powiat m.Tychy";"odsetek dzieci objętych wychowaniem przedszkolnym";"ogółem";"dzieci w wieku 3 - 6 lat";"2021";98,3;"%";"";
2478000;"Powiat m.Zabrze";"odsetek dzieci objętych wychowaniem przedszkolnym";"ogółem";"dzieci w wieku 3 - 6 lat";"2021";91,8;"%";"";
2479000;"Powiat m.Żory";"odsetek dzieci objętych wychowaniem przedszkolnym";"ogółem";"dzieci w wieku 3 - 6 lat";"2021";94,0;"%";"";
2601000;"Powiat buski";"odsetek dzieci objętych wychowaniem przedszkolnym";"ogółem";"dzieci w wieku 3 - 6 lat";"2021";83,1;"%";"";
2602000;"Powiat jędrzejowski";"odsetek dzieci objętych wychowaniem przedszkolnym";"ogółem";"dzieci w wieku 3 - 6 lat";"2021";84,2;"%";"";
2603000;"Powiat kazimierski";"odsetek dzieci objętych wychowaniem przedszkolnym";"ogółem";"dzieci w wieku 3 - 6 lat";"2021";85,8;"%";"";
2604000;"Powiat kielecki";"odsetek dzieci objętych wychowaniem przedszkolnym";"ogółem";"dzieci w wieku 3 - 6 lat";"2021";81,7;"%";"";
2605000;"Powiat konecki";"odsetek dzieci objętych wychowaniem przedszkolnym";"ogółem";"dzieci w wieku 3 - 6 lat";"2021";86,3;"%";"";
2606000;"Powiat opatowski";"odsetek dzieci objętych wychowaniem przedszkolnym";"ogółem";"dzieci w wieku 3 - 6 lat";"2021";80,7;"%";"";
2607000;"Powiat ostrowiecki";"odsetek dzieci objętych wychowaniem przedszkolnym";"ogółem";"dzieci w wieku 3 - 6 lat";"2021";84,7;"%";"";
2608000;"Powiat pińczowski";"odsetek dzieci objętych wychowaniem przedszkolnym";"ogółem";"dzieci w wieku 3 - 6 lat";"2021";82,8;"%";"";
2609000;"Powiat sandomierski";"odsetek dzieci objętych wychowaniem przedszkolnym";"ogółem";"dzieci w wieku 3 - 6 lat";"2021";89,2;"%";"";
2610000;"Powiat skarżyski";"odsetek dzieci objętych wychowaniem przedszkolnym";"ogółem";"dzieci w wieku 3 - 6 lat";"2021";89,8;"%";"";
2611000;"Powiat starachowicki";"odsetek dzieci objętych wychowaniem przedszkolnym";"ogółem";"dzieci w wieku 3 - 6 lat";"2021";85,6;"%";"";
2612000;"Powiat staszowski";"odsetek dzieci objętych wychowaniem przedszkolnym";"ogółem";"dzieci w wieku 3 - 6 lat";"2021";86,9;"%";"";
2613000;"Powiat włoszczowski";"odsetek dzieci objętych wychowaniem przedszkolnym";"ogółem";"dzieci w wieku 3 - 6 lat";"2021";82,8;"%";"";
2661000;"Powiat m.Kielce";"odsetek dzieci objętych wychowaniem przedszkolnym";"ogółem";"dzieci w wieku 3 - 6 lat";"2021";107,4;"%";"";
2801000;"Powiat bartoszycki";"odsetek dzieci objętych wychowaniem przedszkolnym";"ogółem";"dzieci w wieku 3 - 6 lat";"2021";75,9;"%";"";
2802000;"Powiat braniewski";"odsetek dzieci objętych wychowaniem przedszkolnym";"ogółem";"dzieci w wieku 3 - 6 lat";"2021";74,8;"%";"";
2803000;"Powiat działdowski";"odsetek dzieci objętych wychowaniem przedszkolnym";"ogółem";"dzieci w wieku 3 - 6 lat";"2021";80,1;"%";"";
2804000;"Powiat elbląski";"odsetek dzieci objętych wychowaniem przedszkolnym";"ogółem";"dzieci w wieku 3 - 6 lat";"2021";65,2;"%";"";
2805000;"Powiat ełcki";"odsetek dzieci objętych wychowaniem przedszkolnym";"ogółem";"dzieci w wieku 3 - 6 lat";"2021";86,5;"%";"";
2806000;"Powiat giżycki";"odsetek dzieci objętych wychowaniem przedszkolnym";"ogółem";"dzieci w wieku 3 - 6 lat";"2021";84,2;"%";"";
2807000;"Powiat iławski";"odsetek dzieci objętych wychowaniem przedszkolnym";"ogółem";"dzieci w wieku 3 - 6 lat";"2021";86,0;"%";"";
2808000;"Powiat kętrzyński";"odsetek dzieci objętych wychowaniem przedszkolnym";"ogółem";"dzieci w wieku 3 - 6 lat";"2021";83,3;"%";"";
2809000;"Powiat lidzbarski";"odsetek dzieci objętych wychowaniem przedszkolnym";"ogółem";"dzieci w wieku 3 - 6 lat";"2021";80,1;"%";"";
2810000;"Powiat mrągowski";"odsetek dzieci objętych wychowaniem przedszkolnym";"ogółem";"dzieci w wieku 3 - 6 lat";"2021";83,4;"%";"";
2811000;"Powiat nidzicki";"odsetek dzieci objętych wychowaniem przedszkolnym";"ogółem";"dzieci w wieku 3 - 6 lat";"2021";80,3;"%";"";
2812000;"Powiat nowomiejski";"odsetek dzieci objętych wychowaniem przedszkolnym";"ogółem";"dzieci w wieku 3 - 6 lat";"2021";75,4;"%";"";
2813000;"Powiat olecki";"odsetek dzieci objętych wychowaniem przedszkolnym";"ogółem";"dzieci w wieku 3 - 6 lat";"2021";80,7;"%";"";
2814000;"Powiat olsztyński";"odsetek dzieci objętych wychowaniem przedszkolnym";"ogółem";"dzieci w wieku 3 - 6 lat";"2021";75,4;"%";"";
2815000;"Powiat ostródzki";"odsetek dzieci objętych wychowaniem przedszkolnym";"ogółem";"dzieci w wieku 3 - 6 lat";"2021";81,8;"%";"";
2816000;"Powiat piski";"odsetek dzieci objętych wychowaniem przedszkolnym";"ogółem";"dzieci w wieku 3 - 6 lat";"2021";78,1;"%";"";
2817000;"Powiat szczycieński";"odsetek dzieci objętych wychowaniem przedszkolnym";"ogółem";"dzieci w wieku 3 - 6 lat";"2021";78,8;"%";"";
2818000;"Powiat gołdapski";"odsetek dzieci objętych wychowaniem przedszkolnym";"ogółem";"dzieci w wieku 3 - 6 lat";"2021";81,9;"%";"";
2819000;"Powiat węgorzewski";"odsetek dzieci objętych wychowaniem przedszkolnym";"ogółem";"dzieci w wieku 3 - 6 lat";"2021";78,1;"%";"";
2861000;"Powiat m.Elbląg";"odsetek dzieci objętych wychowaniem przedszkolnym";"ogółem";"dzieci w wieku 3 - 6 lat";"2021";103,2;"%";"";
2862000;"Powiat m.Olsztyn";"odsetek dzieci objętych wychowaniem przedszkolnym";"ogółem";"dzieci w wieku 3 - 6 lat";"2021";110,0;"%";"";
3001000;"Powiat chodzieski";"odsetek dzieci objętych wychowaniem przedszkolnym";"ogółem";"dzieci w wieku 3 - 6 lat";"2021";88,1;"%";"";
3002000;"Powiat czarnkowsko-trzcianecki";"odsetek dzieci objętych wychowaniem przedszkolnym";"ogółem";"dzieci w wieku 3 - 6 lat";"2021";88,3;"%";"";
3003000;"Powiat gnieźnieński";"odsetek dzieci objętych wychowaniem przedszkolnym";"ogółem";"dzieci w wieku 3 - 6 lat";"2021";88,1;"%";"";
3004000;"Powiat gostyński";"odsetek dzieci objętych wychowaniem przedszkolnym";"ogółem";"dzieci w wieku 3 - 6 lat";"2021";91,8;"%";"";
3005000;"Powiat grodziski";"odsetek dzieci objętych wychowaniem przedszkolnym";"ogółem";"dzieci w wieku 3 - 6 lat";"2021";89,7;"%";"";
3006000;"Powiat jarociński";"odsetek dzieci objętych wychowaniem przedszkolnym";"ogółem";"dzieci w wieku 3 - 6 lat";"2021";90,7;"%";"";
3007000;"Powiat kaliski";"odsetek dzieci objętych wychowaniem przedszkolnym";"ogółem";"dzieci w wieku 3 - 6 lat";"2021";82,1;"%";"";
3008000;"Powiat kępiński";"odsetek dzieci objętych wychowaniem przedszkolnym";"ogółem";"dzieci w wieku 3 - 6 lat";"2021";92,6;"%";"";
3009000;"Powiat kolski";"odsetek dzieci objętych wychowaniem przedszkolnym";"ogółem";"dzieci w wieku 3 - 6 lat";"2021";82,1;"%";"";
3010000;"Powiat koniński";"odsetek dzieci objętych wychowaniem przedszkolnym";"ogółem";"dzieci w wieku 3 - 6 lat";"2021";76,0;"%";"";
3011000;"Powiat kościański";"odsetek dzieci objętych wychowaniem przedszkolnym";"ogółem";"dzieci w wieku 3 - 6 lat";"2021";88,8;"%";"";
3012000;"Powiat krotoszyński";"odsetek dzieci objętych wychowaniem przedszkolnym";"ogółem";"dzieci w wieku 3 - 6 lat";"2021";90,8;"%";"";
3013000;"Powiat leszczyński";"odsetek dzieci objętych wychowaniem przedszkolnym";"ogółem";"dzieci w wieku 3 - 6 lat";"2021";78,1;"%";"";
3014000;"Powiat międzychodzki";"odsetek dzieci objętych wychowaniem przedszkolnym";"ogółem";"dzieci w wieku 3 - 6 lat";"2021";87,1;"%";"";
3015000;"Powiat nowotomyski";"odsetek dzieci objętych wychowaniem przedszkolnym";"ogółem";"dzieci w wieku 3 - 6 lat";"2021";92,9;"%";"";
3016000;"Powiat obornicki";"odsetek dzieci objętych wychowaniem przedszkolnym";"ogółem";"dzieci w wieku 3 - 6 lat";"2021";83,4;"%";"";
3017000;"Powiat ostrowski";"odsetek dzieci objętych wychowaniem przedszkolnym";"ogółem";"dzieci w wieku 3 - 6 lat";"2021";93,9;"%";"";
3018000;"Powiat ostrzeszowski";"odsetek dzieci objętych wychowaniem przedszkolnym";"ogółem";"dzieci w wieku 3 - 6 lat";"2021";90,0;"%";"";
3019000;"Powiat pilski";"odsetek dzieci objętych wychowaniem przedszkolnym";"ogółem";"dzieci w wieku 3 - 6 lat";"2021";88,1;"%";"";
3020000;"Powiat pleszewski";"odsetek dzieci objętych wychowaniem przedszkolnym";"ogółem";"dzieci w wieku 3 - 6 lat";"2021";85,4;"%";"";
3021000;"Powiat poznański";"odsetek dzieci objętych wychowaniem przedszkolnym";"ogółem";"dzieci w wieku 3 - 6 lat";"2021";92,2;"%";"";
3022000;"Powiat rawicki";"odsetek dzieci objętych wychowaniem przedszkolnym";"ogółem";"dzieci w wieku 3 - 6 lat";"2021";89,5;"%";"";
3023000;"Powiat słupecki";"odsetek dzieci objętych wychowaniem przedszkolnym";"ogółem";"dzieci w wieku 3 - 6 lat";"2021";88,1;"%";"";
3024000;"Powiat szamotulski";"odsetek dzieci objętych wychowaniem przedszkolnym";"ogółem";"dzieci w wieku 3 - 6 lat";"2021";86,9;"%";"";
3025000;"Powiat średzki";"odsetek dzieci objętych wychowaniem przedszkolnym";"ogółem";"dzieci w wieku 3 - 6 lat";"2021";90,6;"%";"";
3026000;"Powiat śremski";"odsetek dzieci objętych wychowaniem przedszkolnym";"ogółem";"dzieci w wieku 3 - 6 lat";"2021";95,7;"%";"";
3027000;"Powiat turecki";"odsetek dzieci objętych wychowaniem przedszkolnym";"ogółem";"dzieci w wieku 3 - 6 lat";"2021";89,8;"%";"";
3028000;"Powiat wągrowiecki";"odsetek dzieci objętych wychowaniem przedszkolnym";"ogółem";"dzieci w wieku 3 - 6 lat";"2021";81,7;"%";"";
3029000;"Powiat wolsztyński";"odsetek dzieci objętych wychowaniem przedszkolnym";"ogółem";"dzieci w wieku 3 - 6 lat";"2021";94,6;"%";"";
3030000;"Powiat wrzesiński";"odsetek dzieci objętych wychowaniem przedszkolnym";"ogółem";"dzieci w wieku 3 - 6 lat";"2021";93,3;"%";"";
3031000;"Powiat złotowski";"odsetek dzieci objętych wychowaniem przedszkolnym";"ogółem";"dzieci w wieku 3 - 6 lat";"2021";86,8;"%";"";
3061000;"Powiat m.Kalisz";"odsetek dzieci objętych wychowaniem przedszkolnym";"ogółem";"dzieci w wieku 3 - 6 lat";"2021";107,6;"%";"";
3062000;"Powiat m.Konin";"odsetek dzieci objętych wychowaniem przedszkolnym";"ogółem";"dzieci w wieku 3 - 6 lat";"2021";117,7;"%";"";
3063000;"Powiat m.Leszno";"odsetek dzieci objętych wychowaniem przedszkolnym";"ogółem";"dzieci w wieku 3 - 6 lat";"2021";115,1;"%";"";
3064000;"Powiat m.Poznań";"odsetek dzieci objętych wychowaniem przedszkolnym";"ogółem";"dzieci w wieku 3 - 6 lat";"2021";105,3;"%";"";
3201000;"Powiat białogardzki";"odsetek dzieci objętych wychowaniem przedszkolnym";"ogółem";"dzieci w wieku 3 - 6 lat";"2021";82,1;"%";"";
3202000;"Powiat choszczeński";"odsetek dzieci objętych wychowaniem przedszkolnym";"ogółem";"dzieci w wieku 3 - 6 lat";"2021";81,3;"%";"";
3203000;"Powiat drawski";"odsetek dzieci objętych wychowaniem przedszkolnym";"ogółem";"dzieci w wieku 3 - 6 lat";"2021";83,4;"%";"";
3204000;"Powiat goleniowski";"odsetek dzieci objętych wychowaniem przedszkolnym";"ogółem";"dzieci w wieku 3 - 6 lat";"2021";87,3;"%";"";
3205000;"Powiat gryficki";"odsetek dzieci objętych wychowaniem przedszkolnym";"ogółem";"dzieci w wieku 3 - 6 lat";"2021";76,2;"%";"";
3206000;"Powiat gryfiński";"odsetek dzieci objętych wychowaniem przedszkolnym";"ogółem";"dzieci w wieku 3 - 6 lat";"2021";79,4;"%";"";
3207000;"Powiat kamieński";"odsetek dzieci objętych wychowaniem przedszkolnym";"ogółem";"dzieci w wieku 3 - 6 lat";"2021";80,9;"%";"";
3208000;"Powiat kołobrzeski";"odsetek dzieci objętych wychowaniem przedszkolnym";"ogółem";"dzieci w wieku 3 - 6 lat";"2021";90,6;"%";"";
3209000;"Powiat koszaliński";"odsetek dzieci objętych wychowaniem przedszkolnym";"ogółem";"dzieci w wieku 3 - 6 lat";"2021";66,4;"%";"";
3210000;"Powiat myśliborski";"odsetek dzieci objętych wychowaniem przedszkolnym";"ogółem";"dzieci w wieku 3 - 6 lat";"2021";84,6;"%";"";
3211000;"Powiat policki";"odsetek dzieci objętych wychowaniem przedszkolnym";"ogółem";"dzieci w wieku 3 - 6 lat";"2021";85,8;"%";"";
3212000;"Powiat pyrzycki";"odsetek dzieci objętych wychowaniem przedszkolnym";"ogółem";"dzieci w wieku 3 - 6 lat";"2021";79,5;"%";"";
3213000;"Powiat sławieński";"odsetek dzieci objętych wychowaniem przedszkolnym";"ogółem";"dzieci w wieku 3 - 6 lat";"2021";84,7;"%";"";
3214000;"Powiat stargardzki";"odsetek dzieci objętych wychowaniem przedszkolnym";"ogółem";"dzieci w wieku 3 - 6 lat";"2021";81,8;"%";"";
3215000;"Powiat szczecinecki";"odsetek dzieci objętych wychowaniem przedszkolnym";"ogółem";"dzieci w wieku 3 - 6 lat";"2021";81,6;"%";"";
3216000;"Powiat świdwiński";"odsetek dzieci objętych wychowaniem przedszkolnym";"ogółem";"dzieci w wieku 3 - 6 lat";"2021";81,4;"%";"";
3217000;"Powiat wałecki";"odsetek dzieci objętych wychowaniem przedszkolnym";"ogółem";"dzieci w wieku 3 - 6 lat";"2021";82,2;"%";"";
3218000;"Powiat łobeski";"odsetek dzieci objętych wychowaniem przedszkolnym";"ogółem";"dzieci w wieku 3 - 6 lat";"2021";80,2;"%";"";
3261000;"Powiat m.Koszalin";"odsetek dzieci objętych wychowaniem przedszkolnym";"ogółem";"dzieci w wieku 3 - 6 lat";"2021";112,8;"%";"";
3262000;"Powiat m.Szczecin";"odsetek dzieci objętych wychowaniem przedszkolnym";"ogółem";"dzieci w wieku 3 - 6 lat";"2021";101,0;"%";"";
3263000;"Powiat m.Świnoujście";"odsetek dzieci objętych wychowaniem przedszkolnym";"ogółem";"dzieci w wieku 3 - 6 lat";"2021";99,0;"%";"";
